Copyright 1986-2020 Xilinx, Inc. All Rights Reserved.
--------------------------------------------------------------------------------------------------------------------------------------------------------------------------------------------------------------------------
| Tool Version : Vivado v.2020.2 (win64) Build 3064766 Wed Nov 18 09:12:45 MST 2020
| Date         : Sat Feb 14 08:48:35 2026
| Host         : jmjun96 running 64-bit major release  (build 9200)
| Command      : report_timing_summary -max_paths 10 -file TOP_counter_10000_timing_summary_routed.rpt -pb TOP_counter_10000_timing_summary_routed.pb -rpx TOP_counter_10000_timing_summary_routed.rpx -warn_on_violation
| Design       : TOP_counter_10000
| Device       : 7a35t-cpg236
| Speed File   : -1  PRODUCTION 1.23 2018-06-13
--------------------------------------------------------------------------------------------------------------------------------------------------------------------------------------------------------------------------

Timing Summary Report

------------------------------------------------------------------------------------------------
| Timer Settings
| --------------
------------------------------------------------------------------------------------------------

  Enable Multi Corner Analysis               :  Yes
  Enable Pessimism Removal                   :  Yes
  Pessimism Removal Resolution               :  Nearest Common Node
  Enable Input Delay Default Clock           :  No
  Enable Preset / Clear Arcs                 :  No
  Disable Flight Delays                      :  No
  Ignore I/O Paths                           :  No
  Timing Early Launch at Borrowing Latches   :  No
  Borrow Time for Max Delay Exceptions       :  Yes
  Merge Timing Exceptions                    :  Yes

  Corner  Analyze    Analyze    
  Name    Max Paths  Min Paths  
  ------  ---------  ---------  
  Slow    Yes        Yes        
  Fast    Yes        Yes        



check_timing report

Table of Contents
-----------------
1. checking no_clock (35)
2. checking constant_clock (0)
3. checking pulse_width_clock (0)
4. checking unconstrained_internal_endpoints (70)
5. checking no_input_delay (8)
6. checking no_output_delay (12)
7. checking multiple_clock (0)
8. checking generated_clocks (0)
9. checking loops (0)
10. checking partial_input_delay (0)
11. checking partial_output_delay (0)
12. checking latch_loops (0)

1. checking no_clock (35)
-------------------------
 There are 8 register/latch pins with no clock driven by root clock pin: U_BD_CLEAR/CLK_100khz_reg_reg/Q (HIGH)

 There are 8 register/latch pins with no clock driven by root clock pin: U_BD_DOWN_D/CLK_100khz_reg_reg/Q (HIGH)

 There are 8 register/latch pins with no clock driven by root clock pin: U_BD_DOWN_U/CLK_100khz_reg_reg/Q (HIGH)

 There are 8 register/latch pins with no clock driven by root clock pin: U_BD_RUNSTOP/CLK_100khz_reg_reg/Q (HIGH)

 There are 3 register/latch pins with no clock driven by root clock pin: U_FND_CNTL/U_CLK_DIV/o_1khz_reg/Q (HIGH)


2. checking constant_clock (0)
------------------------------
 There are 0 register/latch pins with constant_clock.


3. checking pulse_width_clock (0)
---------------------------------
 There are 0 register/latch pins which need pulse_width check


4. checking unconstrained_internal_endpoints (70)
-------------------------------------------------
 There are 70 pins that are not constrained for maximum delay. (HIGH)

 There are 0 pins that are not constrained for maximum delay due to constant clock.


5. checking no_input_delay (8)
------------------------------
 There are 8 input ports with no input delay specified. (HIGH)

 There are 0 input ports with no input delay but user has a false path constraint.


6. checking no_output_delay (12)
--------------------------------
 There are 12 ports with no output delay specified. (HIGH)

 There are 0 ports with no output delay but user has a false path constraint

 There are 0 ports with no output delay but with a timing clock defined on it or propagating through it


7. checking multiple_clock (0)
------------------------------
 There are 0 register/latch pins with multiple clocks.


8. checking generated_clocks (0)
--------------------------------
 There are 0 generated clocks that are not connected to a clock source.


9. checking loops (0)
---------------------
 There are 0 combinational loops in the design.


10. checking partial_input_delay (0)
------------------------------------
 There are 0 input ports with partial input delay specified.


11. checking partial_output_delay (0)
-------------------------------------
 There are 0 ports with partial output delay specified.


12. checking latch_loops (0)
----------------------------
 There are 0 combinational latch loops in the design through latch input



------------------------------------------------------------------------------------------------
| Design Timing Summary
| ---------------------
------------------------------------------------------------------------------------------------

    WNS(ns)      TNS(ns)  TNS Failing Endpoints  TNS Total Endpoints      WHS(ns)      THS(ns)  THS Failing Endpoints  THS Total Endpoints     WPWS(ns)     TPWS(ns)  TPWS Failing Endpoints  TPWS Total Endpoints  
    -------      -------  ---------------------  -------------------      -------      -------  ---------------------  -------------------     --------     --------  ----------------------  --------------------  
      5.228        0.000                      0                  224        0.171        0.000                      0                  224        4.500        0.000                       0                   161  


All user specified timing constraints are met.


------------------------------------------------------------------------------------------------
| Clock Summary
| -------------
------------------------------------------------------------------------------------------------

Clock        Waveform(ns)       Period(ns)      Frequency(MHz)
-----        ------------       ----------      --------------
sys_clk_pin  {0.000 5.000}      10.000          100.000         


------------------------------------------------------------------------------------------------
| Intra Clock Table
| -----------------
------------------------------------------------------------------------------------------------

Clock             WNS(ns)      TNS(ns)  TNS Failing Endpoints  TNS Total Endpoints      WHS(ns)      THS(ns)  THS Failing Endpoints  THS Total Endpoints     WPWS(ns)     TPWS(ns)  TPWS Failing Endpoints  TPWS Total Endpoints  
-----             -------      -------  ---------------------  -------------------      -------      -------  ---------------------  -------------------     --------     --------  ----------------------  --------------------  
sys_clk_pin         5.228        0.000                      0                  224        0.171        0.000                      0                  224        4.500        0.000                       0                   161  


------------------------------------------------------------------------------------------------
| Inter Clock Table
| -----------------
------------------------------------------------------------------------------------------------

From Clock    To Clock          WNS(ns)      TNS(ns)  TNS Failing Endpoints  TNS Total Endpoints      WHS(ns)      THS(ns)  THS Failing Endpoints  THS Total Endpoints  
----------    --------          -------      -------  ---------------------  -------------------      -------      -------  ---------------------  -------------------  


------------------------------------------------------------------------------------------------
| Other Path Groups Table
| -----------------------
------------------------------------------------------------------------------------------------

Path Group    From Clock    To Clock          WNS(ns)      TNS(ns)  TNS Failing Endpoints  TNS Total Endpoints      WHS(ns)      THS(ns)  THS Failing Endpoints  THS Total Endpoints  
----------    ----------    --------          -------      -------  ---------------------  -------------------      -------      -------  ---------------------  -------------------  


------------------------------------------------------------------------------------------------
| Timing Details
| --------------
------------------------------------------------------------------------------------------------


---------------------------------------------------------------------------------------------------
From Clock:  sys_clk_pin
  To Clock:  sys_clk_pin

Setup :            0  Failing Endpoints,  Worst Slack        5.228ns,  Total Violation        0.000ns
Hold  :            0  Failing Endpoints,  Worst Slack        0.171ns,  Total Violation        0.000ns
PW    :            0  Failing Endpoints,  Worst Slack        4.500ns,  Total Violation        0.000ns
---------------------------------------------------------------------------------------------------


Max Delay Paths
--------------------------------------------------------------------------------------
Slack (MET) :             5.228ns  (required time - arrival time)
  Source:                 U_WATCH_DATAPATH/msec_counter/counter_reg_reg[1]/C
                            (rising edge-triggered cell FDCE clocked by sys_clk_pin  {rise@0.000ns fall@5.000ns period=10.000ns})
  Destination:            U_WATCH_DATAPATH/min_counter/counter_reg_reg[0]/CE
                            (rising edge-triggered cell FDCE clocked by sys_clk_pin  {rise@0.000ns fall@5.000ns period=10.000ns})
  Path Group:             sys_clk_pin
  Path Type:              Setup (Max at Slow Process Corner)
  Requirement:            10.000ns  (sys_clk_pin rise@10.000ns - sys_clk_pin rise@0.000ns)
  Data Path Delay:        4.424ns  (logic 1.076ns (24.319%)  route 3.348ns (75.681%))
  Logic Levels:           5  (LUT2=1 LUT5=1 LUT6=3)
  Clock Path Skew:        -0.107ns (DCD - SCD + CPR)
    Destination Clock Delay (DCD):    4.779ns = ( 14.779 - 10.000 ) 
    Source Clock Delay      (SCD):    5.146ns
    Clock Pessimism Removal (CPR):    0.260ns
  Clock Uncertainty:      0.035ns  ((TSJ^2 + TIJ^2)^1/2 + DJ) / 2 + PE
    Total System Jitter     (TSJ):    0.071ns
    Total Input Jitter      (TIJ):    0.000ns
    Discrete Jitter          (DJ):    0.000ns
    Phase Error              (PE):    0.000ns

    Location             Delay type                Incr(ns)  Path(ns)    Netlist Resource(s)
  -------------------------------------------------------------------    -------------------
                         (clock sys_clk_pin rise edge)
                                                      0.000     0.000 r  
    W5                                                0.000     0.000 r  clk (IN)
                         net (fo=0)                   0.000     0.000    clk
    W5                   IBUF (Prop_ibuf_I_O)         1.458     1.458 r  clk_IBUF_inst/O
                         net (fo=1, routed)           1.967     3.425    clk_IBUF
    BUFGCTRL_X0Y0        BUFG (Prop_bufg_I_O)         0.096     3.521 r  clk_IBUF_BUFG_inst/O
                         net (fo=160, routed)         1.625     5.146    U_WATCH_DATAPATH/msec_counter/CLK
    SLICE_X59Y19         FDCE                                         r  U_WATCH_DATAPATH/msec_counter/counter_reg_reg[1]/C
  -------------------------------------------------------------------    -------------------
    SLICE_X59Y19         FDCE (Prop_fdce_C_Q)         0.456     5.602 r  U_WATCH_DATAPATH/msec_counter/counter_reg_reg[1]/Q
                         net (fo=11, routed)          1.038     6.640    U_WATCH_DATAPATH/msec_counter/w_watch_time[1]
    SLICE_X59Y19         LUT2 (Prop_lut2_I0_O)        0.124     6.764 r  U_WATCH_DATAPATH/msec_counter/counter_reg[5]_i_4__3/O
                         net (fo=1, routed)           0.264     7.028    U_WATCH_DATAPATH/msec_counter/counter_reg[5]_i_4__3_n_0
    SLICE_X59Y19         LUT6 (Prop_lut6_I0_O)        0.124     7.152 r  U_WATCH_DATAPATH/msec_counter/counter_reg[5]_i_3__4/O
                         net (fo=3, routed)           0.312     7.465    U_WATCH_DATAPATH/msec_counter/counter_reg[5]_i_3__4_n_0
    SLICE_X59Y21         LUT6 (Prop_lut6_I4_O)        0.124     7.589 f  U_WATCH_DATAPATH/msec_counter/counter_reg[5]_i_3__0/O
                         net (fo=5, routed)           0.680     8.269    U_WATCH_DATAPATH/sec_counter/counter_reg_reg[4]_0
    SLICE_X57Y22         LUT6 (Prop_lut6_I1_O)        0.124     8.393 f  U_WATCH_DATAPATH/sec_counter/counter_reg[5]_i_3/O
                         net (fo=3, routed)           0.529     8.922    U_WATCH_DATAPATH/sec_counter/counter_reg_reg[2]_1
    SLICE_X56Y22         LUT5 (Prop_lut5_I0_O)        0.124     9.046 r  U_WATCH_DATAPATH/sec_counter/counter_reg[5]_i_1__0/O
                         net (fo=6, routed)           0.525     9.571    U_WATCH_DATAPATH/min_counter/counter_reg_reg[5]_3[0]
    SLICE_X57Y23         FDCE                                         r  U_WATCH_DATAPATH/min_counter/counter_reg_reg[0]/CE
  -------------------------------------------------------------------    -------------------

                         (clock sys_clk_pin rise edge)
                                                     10.000    10.000 r  
    W5                                                0.000    10.000 r  clk (IN)
                         net (fo=0)                   0.000    10.000    clk
    W5                   IBUF (Prop_ibuf_I_O)         1.388    11.388 r  clk_IBUF_inst/O
                         net (fo=1, routed)           1.862    13.250    clk_IBUF
    BUFGCTRL_X0Y0        BUFG (Prop_bufg_I_O)         0.091    13.341 r  clk_IBUF_BUFG_inst/O
                         net (fo=160, routed)         1.438    14.779    U_WATCH_DATAPATH/min_counter/CLK
    SLICE_X57Y23         FDCE                                         r  U_WATCH_DATAPATH/min_counter/counter_reg_reg[0]/C
                         clock pessimism              0.260    15.039    
                         clock uncertainty           -0.035    15.004    
    SLICE_X57Y23         FDCE (Setup_fdce_C_CE)      -0.205    14.799    U_WATCH_DATAPATH/min_counter/counter_reg_reg[0]
  -------------------------------------------------------------------
                         required time                         14.799    
                         arrival time                          -9.571    
  -------------------------------------------------------------------
                         slack                                  5.228    

Slack (MET) :             5.228ns  (required time - arrival time)
  Source:                 U_WATCH_DATAPATH/msec_counter/counter_reg_reg[1]/C
                            (rising edge-triggered cell FDCE clocked by sys_clk_pin  {rise@0.000ns fall@5.000ns period=10.000ns})
  Destination:            U_WATCH_DATAPATH/min_counter/counter_reg_reg[1]/CE
                            (rising edge-triggered cell FDCE clocked by sys_clk_pin  {rise@0.000ns fall@5.000ns period=10.000ns})
  Path Group:             sys_clk_pin
  Path Type:              Setup (Max at Slow Process Corner)
  Requirement:            10.000ns  (sys_clk_pin rise@10.000ns - sys_clk_pin rise@0.000ns)
  Data Path Delay:        4.424ns  (logic 1.076ns (24.319%)  route 3.348ns (75.681%))
  Logic Levels:           5  (LUT2=1 LUT5=1 LUT6=3)
  Clock Path Skew:        -0.107ns (DCD - SCD + CPR)
    Destination Clock Delay (DCD):    4.779ns = ( 14.779 - 10.000 ) 
    Source Clock Delay      (SCD):    5.146ns
    Clock Pessimism Removal (CPR):    0.260ns
  Clock Uncertainty:      0.035ns  ((TSJ^2 + TIJ^2)^1/2 + DJ) / 2 + PE
    Total System Jitter     (TSJ):    0.071ns
    Total Input Jitter      (TIJ):    0.000ns
    Discrete Jitter          (DJ):    0.000ns
    Phase Error              (PE):    0.000ns

    Location             Delay type                Incr(ns)  Path(ns)    Netlist Resource(s)
  -------------------------------------------------------------------    -------------------
                         (clock sys_clk_pin rise edge)
                                                      0.000     0.000 r  
    W5                                                0.000     0.000 r  clk (IN)
                         net (fo=0)                   0.000     0.000    clk
    W5                   IBUF (Prop_ibuf_I_O)         1.458     1.458 r  clk_IBUF_inst/O
                         net (fo=1, routed)           1.967     3.425    clk_IBUF
    BUFGCTRL_X0Y0        BUFG (Prop_bufg_I_O)         0.096     3.521 r  clk_IBUF_BUFG_inst/O
                         net (fo=160, routed)         1.625     5.146    U_WATCH_DATAPATH/msec_counter/CLK
    SLICE_X59Y19         FDCE                                         r  U_WATCH_DATAPATH/msec_counter/counter_reg_reg[1]/C
  -------------------------------------------------------------------    -------------------
    SLICE_X59Y19         FDCE (Prop_fdce_C_Q)         0.456     5.602 r  U_WATCH_DATAPATH/msec_counter/counter_reg_reg[1]/Q
                         net (fo=11, routed)          1.038     6.640    U_WATCH_DATAPATH/msec_counter/w_watch_time[1]
    SLICE_X59Y19         LUT2 (Prop_lut2_I0_O)        0.124     6.764 r  U_WATCH_DATAPATH/msec_counter/counter_reg[5]_i_4__3/O
                         net (fo=1, routed)           0.264     7.028    U_WATCH_DATAPATH/msec_counter/counter_reg[5]_i_4__3_n_0
    SLICE_X59Y19         LUT6 (Prop_lut6_I0_O)        0.124     7.152 r  U_WATCH_DATAPATH/msec_counter/counter_reg[5]_i_3__4/O
                         net (fo=3, routed)           0.312     7.465    U_WATCH_DATAPATH/msec_counter/counter_reg[5]_i_3__4_n_0
    SLICE_X59Y21         LUT6 (Prop_lut6_I4_O)        0.124     7.589 f  U_WATCH_DATAPATH/msec_counter/counter_reg[5]_i_3__0/O
                         net (fo=5, routed)           0.680     8.269    U_WATCH_DATAPATH/sec_counter/counter_reg_reg[4]_0
    SLICE_X57Y22         LUT6 (Prop_lut6_I1_O)        0.124     8.393 f  U_WATCH_DATAPATH/sec_counter/counter_reg[5]_i_3/O
                         net (fo=3, routed)           0.529     8.922    U_WATCH_DATAPATH/sec_counter/counter_reg_reg[2]_1
    SLICE_X56Y22         LUT5 (Prop_lut5_I0_O)        0.124     9.046 r  U_WATCH_DATAPATH/sec_counter/counter_reg[5]_i_1__0/O
                         net (fo=6, routed)           0.525     9.571    U_WATCH_DATAPATH/min_counter/counter_reg_reg[5]_3[0]
    SLICE_X57Y23         FDCE                                         r  U_WATCH_DATAPATH/min_counter/counter_reg_reg[1]/CE
  -------------------------------------------------------------------    -------------------

                         (clock sys_clk_pin rise edge)
                                                     10.000    10.000 r  
    W5                                                0.000    10.000 r  clk (IN)
                         net (fo=0)                   0.000    10.000    clk
    W5                   IBUF (Prop_ibuf_I_O)         1.388    11.388 r  clk_IBUF_inst/O
                         net (fo=1, routed)           1.862    13.250    clk_IBUF
    BUFGCTRL_X0Y0        BUFG (Prop_bufg_I_O)         0.091    13.341 r  clk_IBUF_BUFG_inst/O
                         net (fo=160, routed)         1.438    14.779    U_WATCH_DATAPATH/min_counter/CLK
    SLICE_X57Y23         FDCE                                         r  U_WATCH_DATAPATH/min_counter/counter_reg_reg[1]/C
                         clock pessimism              0.260    15.039    
                         clock uncertainty           -0.035    15.004    
    SLICE_X57Y23         FDCE (Setup_fdce_C_CE)      -0.205    14.799    U_WATCH_DATAPATH/min_counter/counter_reg_reg[1]
  -------------------------------------------------------------------
                         required time                         14.799    
                         arrival time                          -9.571    
  -------------------------------------------------------------------
                         slack                                  5.228    

Slack (MET) :             5.241ns  (required time - arrival time)
  Source:                 U_WATCH_DATAPATH/msec_counter/counter_reg_reg[1]/C
                            (rising edge-triggered cell FDCE clocked by sys_clk_pin  {rise@0.000ns fall@5.000ns period=10.000ns})
  Destination:            U_WATCH_DATAPATH/min_counter/counter_reg_reg[5]/CE
                            (rising edge-triggered cell FDCE clocked by sys_clk_pin  {rise@0.000ns fall@5.000ns period=10.000ns})
  Path Group:             sys_clk_pin
  Path Type:              Setup (Max at Slow Process Corner)
  Requirement:            10.000ns  (sys_clk_pin rise@10.000ns - sys_clk_pin rise@0.000ns)
  Data Path Delay:        4.491ns  (logic 1.076ns (23.959%)  route 3.415ns (76.041%))
  Logic Levels:           5  (LUT2=1 LUT5=1 LUT6=3)
  Clock Path Skew:        -0.028ns (DCD - SCD + CPR)
    Destination Clock Delay (DCD):    4.844ns = ( 14.844 - 10.000 ) 
    Source Clock Delay      (SCD):    5.146ns
    Clock Pessimism Removal (CPR):    0.274ns
  Clock Uncertainty:      0.035ns  ((TSJ^2 + TIJ^2)^1/2 + DJ) / 2 + PE
    Total System Jitter     (TSJ):    0.071ns
    Total Input Jitter      (TIJ):    0.000ns
    Discrete Jitter          (DJ):    0.000ns
    Phase Error              (PE):    0.000ns

    Location             Delay type                Incr(ns)  Path(ns)    Netlist Resource(s)
  -------------------------------------------------------------------    -------------------
                         (clock sys_clk_pin rise edge)
                                                      0.000     0.000 r  
    W5                                                0.000     0.000 r  clk (IN)
                         net (fo=0)                   0.000     0.000    clk
    W5                   IBUF (Prop_ibuf_I_O)         1.458     1.458 r  clk_IBUF_inst/O
                         net (fo=1, routed)           1.967     3.425    clk_IBUF
    BUFGCTRL_X0Y0        BUFG (Prop_bufg_I_O)         0.096     3.521 r  clk_IBUF_BUFG_inst/O
                         net (fo=160, routed)         1.625     5.146    U_WATCH_DATAPATH/msec_counter/CLK
    SLICE_X59Y19         FDCE                                         r  U_WATCH_DATAPATH/msec_counter/counter_reg_reg[1]/C
  -------------------------------------------------------------------    -------------------
    SLICE_X59Y19         FDCE (Prop_fdce_C_Q)         0.456     5.602 r  U_WATCH_DATAPATH/msec_counter/counter_reg_reg[1]/Q
                         net (fo=11, routed)          1.038     6.640    U_WATCH_DATAPATH/msec_counter/w_watch_time[1]
    SLICE_X59Y19         LUT2 (Prop_lut2_I0_O)        0.124     6.764 r  U_WATCH_DATAPATH/msec_counter/counter_reg[5]_i_4__3/O
                         net (fo=1, routed)           0.264     7.028    U_WATCH_DATAPATH/msec_counter/counter_reg[5]_i_4__3_n_0
    SLICE_X59Y19         LUT6 (Prop_lut6_I0_O)        0.124     7.152 r  U_WATCH_DATAPATH/msec_counter/counter_reg[5]_i_3__4/O
                         net (fo=3, routed)           0.312     7.465    U_WATCH_DATAPATH/msec_counter/counter_reg[5]_i_3__4_n_0
    SLICE_X59Y21         LUT6 (Prop_lut6_I4_O)        0.124     7.589 f  U_WATCH_DATAPATH/msec_counter/counter_reg[5]_i_3__0/O
                         net (fo=5, routed)           0.680     8.269    U_WATCH_DATAPATH/sec_counter/counter_reg_reg[4]_0
    SLICE_X57Y22         LUT6 (Prop_lut6_I1_O)        0.124     8.393 f  U_WATCH_DATAPATH/sec_counter/counter_reg[5]_i_3/O
                         net (fo=3, routed)           0.529     8.922    U_WATCH_DATAPATH/sec_counter/counter_reg_reg[2]_1
    SLICE_X56Y22         LUT5 (Prop_lut5_I0_O)        0.124     9.046 r  U_WATCH_DATAPATH/sec_counter/counter_reg[5]_i_1__0/O
                         net (fo=6, routed)           0.591     9.637    U_WATCH_DATAPATH/min_counter/counter_reg_reg[5]_3[0]
    SLICE_X58Y23         FDCE                                         r  U_WATCH_DATAPATH/min_counter/counter_reg_reg[5]/CE
  -------------------------------------------------------------------    -------------------

                         (clock sys_clk_pin rise edge)
                                                     10.000    10.000 r  
    W5                                                0.000    10.000 r  clk (IN)
                         net (fo=0)                   0.000    10.000    clk
    W5                   IBUF (Prop_ibuf_I_O)         1.388    11.388 r  clk_IBUF_inst/O
                         net (fo=1, routed)           1.862    13.250    clk_IBUF
    BUFGCTRL_X0Y0        BUFG (Prop_bufg_I_O)         0.091    13.341 r  clk_IBUF_BUFG_inst/O
                         net (fo=160, routed)         1.503    14.844    U_WATCH_DATAPATH/min_counter/CLK
    SLICE_X58Y23         FDCE                                         r  U_WATCH_DATAPATH/min_counter/counter_reg_reg[5]/C
                         clock pessimism              0.274    15.118    
                         clock uncertainty           -0.035    15.083    
    SLICE_X58Y23         FDCE (Setup_fdce_C_CE)      -0.205    14.878    U_WATCH_DATAPATH/min_counter/counter_reg_reg[5]
  -------------------------------------------------------------------
                         required time                         14.878    
                         arrival time                          -9.637    
  -------------------------------------------------------------------
                         slack                                  5.241    

Slack (MET) :             5.260ns  (required time - arrival time)
  Source:                 U_STOPWATCH_DATAPATH/msec_counter/counter_reg_reg[0]/C
                            (rising edge-triggered cell FDCE clocked by sys_clk_pin  {rise@0.000ns fall@5.000ns period=10.000ns})
  Destination:            U_STOPWATCH_DATAPATH/min_counter/counter_reg_reg[4]/CE
                            (rising edge-triggered cell FDCE clocked by sys_clk_pin  {rise@0.000ns fall@5.000ns period=10.000ns})
  Path Group:             sys_clk_pin
  Path Type:              Setup (Max at Slow Process Corner)
  Requirement:            10.000ns  (sys_clk_pin rise@10.000ns - sys_clk_pin rise@0.000ns)
  Data Path Delay:        4.455ns  (logic 1.306ns (29.317%)  route 3.149ns (70.683%))
  Logic Levels:           5  (LUT2=1 LUT3=1 LUT6=3)
  Clock Path Skew:        -0.045ns (DCD - SCD + CPR)
    Destination Clock Delay (DCD):    4.842ns = ( 14.842 - 10.000 ) 
    Source Clock Delay      (SCD):    5.147ns
    Clock Pessimism Removal (CPR):    0.260ns
  Clock Uncertainty:      0.035ns  ((TSJ^2 + TIJ^2)^1/2 + DJ) / 2 + PE
    Total System Jitter     (TSJ):    0.071ns
    Total Input Jitter      (TIJ):    0.000ns
    Discrete Jitter          (DJ):    0.000ns
    Phase Error              (PE):    0.000ns

    Location             Delay type                Incr(ns)  Path(ns)    Netlist Resource(s)
  -------------------------------------------------------------------    -------------------
                         (clock sys_clk_pin rise edge)
                                                      0.000     0.000 r  
    W5                                                0.000     0.000 r  clk (IN)
                         net (fo=0)                   0.000     0.000    clk
    W5                   IBUF (Prop_ibuf_I_O)         1.458     1.458 r  clk_IBUF_inst/O
                         net (fo=1, routed)           1.967     3.425    clk_IBUF
    BUFGCTRL_X0Y0        BUFG (Prop_bufg_I_O)         0.096     3.521 r  clk_IBUF_BUFG_inst/O
                         net (fo=160, routed)         1.626     5.147    U_STOPWATCH_DATAPATH/msec_counter/CLK
    SLICE_X62Y19         FDCE                                         r  U_STOPWATCH_DATAPATH/msec_counter/counter_reg_reg[0]/C
  -------------------------------------------------------------------    -------------------
    SLICE_X62Y19         FDCE (Prop_fdce_C_Q)         0.456     5.603 r  U_STOPWATCH_DATAPATH/msec_counter/counter_reg_reg[0]/Q
                         net (fo=14, routed)          0.706     6.309    U_STOPWATCH_DATAPATH/msec_counter/Q[0]
    SLICE_X62Y19         LUT2 (Prop_lut2_I1_O)        0.152     6.461 r  U_STOPWATCH_DATAPATH/msec_counter/counter_reg[2]_i_4/O
                         net (fo=2, routed)           0.457     6.917    U_STOPWATCH_DATAPATH/msec_counter/counter_reg[2]_i_4_n_0
    SLICE_X62Y19         LUT6 (Prop_lut6_I4_O)        0.326     7.243 f  U_STOPWATCH_DATAPATH/msec_counter/counter_reg[5]_i_3__3/O
                         net (fo=2, routed)           0.350     7.593    U_STOPWATCH_DATAPATH/msec_counter/counter_reg[5]_i_3__3_n_0
    SLICE_X60Y20         LUT6 (Prop_lut6_I2_O)        0.124     7.717 r  U_STOPWATCH_DATAPATH/msec_counter/counter_reg[5]_i_3__2/O
                         net (fo=2, routed)           0.415     8.132    U_STOPWATCH_DATAPATH/sec_counter/counter_reg_reg[4]_0
    SLICE_X61Y21         LUT6 (Prop_lut6_I0_O)        0.124     8.256 r  U_STOPWATCH_DATAPATH/sec_counter/counter_reg[5]_i_3__1/O
                         net (fo=2, routed)           0.428     8.685    U_CONTROL_UNIT/counter_reg_reg[0]
    SLICE_X60Y20         LUT3 (Prop_lut3_I2_O)        0.124     8.809 r  U_CONTROL_UNIT/counter_reg[5]_i_1__2/O
                         net (fo=6, routed)           0.793     9.602    U_STOPWATCH_DATAPATH/min_counter/counter_reg_reg[0]_0[0]
    SLICE_X59Y24         FDCE                                         r  U_STOPWATCH_DATAPATH/min_counter/counter_reg_reg[4]/CE
  -------------------------------------------------------------------    -------------------

                         (clock sys_clk_pin rise edge)
                                                     10.000    10.000 r  
    W5                                                0.000    10.000 r  clk (IN)
                         net (fo=0)                   0.000    10.000    clk
    W5                   IBUF (Prop_ibuf_I_O)         1.388    11.388 r  clk_IBUF_inst/O
                         net (fo=1, routed)           1.862    13.250    clk_IBUF
    BUFGCTRL_X0Y0        BUFG (Prop_bufg_I_O)         0.091    13.341 r  clk_IBUF_BUFG_inst/O
                         net (fo=160, routed)         1.501    14.842    U_STOPWATCH_DATAPATH/min_counter/CLK
    SLICE_X59Y24         FDCE                                         r  U_STOPWATCH_DATAPATH/min_counter/counter_reg_reg[4]/C
                         clock pessimism              0.260    15.102    
                         clock uncertainty           -0.035    15.067    
    SLICE_X59Y24         FDCE (Setup_fdce_C_CE)      -0.205    14.862    U_STOPWATCH_DATAPATH/min_counter/counter_reg_reg[4]
  -------------------------------------------------------------------
                         required time                         14.862    
                         arrival time                          -9.602    
  -------------------------------------------------------------------
                         slack                                  5.260    

Slack (MET) :             5.305ns  (required time - arrival time)
  Source:                 U_STOPWATCH_DATAPATH/msec_counter/counter_reg_reg[0]/C
                            (rising edge-triggered cell FDCE clocked by sys_clk_pin  {rise@0.000ns fall@5.000ns period=10.000ns})
  Destination:            U_STOPWATCH_DATAPATH/min_counter/counter_reg_reg[5]/CE
                            (rising edge-triggered cell FDCE clocked by sys_clk_pin  {rise@0.000ns fall@5.000ns period=10.000ns})
  Path Group:             sys_clk_pin
  Path Type:              Setup (Max at Slow Process Corner)
  Requirement:            10.000ns  (sys_clk_pin rise@10.000ns - sys_clk_pin rise@0.000ns)
  Data Path Delay:        4.446ns  (logic 1.306ns (29.378%)  route 3.140ns (70.622%))
  Logic Levels:           5  (LUT2=1 LUT3=1 LUT6=3)
  Clock Path Skew:        -0.045ns (DCD - SCD + CPR)
    Destination Clock Delay (DCD):    4.842ns = ( 14.842 - 10.000 ) 
    Source Clock Delay      (SCD):    5.147ns
    Clock Pessimism Removal (CPR):    0.260ns
  Clock Uncertainty:      0.035ns  ((TSJ^2 + TIJ^2)^1/2 + DJ) / 2 + PE
    Total System Jitter     (TSJ):    0.071ns
    Total Input Jitter      (TIJ):    0.000ns
    Discrete Jitter          (DJ):    0.000ns
    Phase Error              (PE):    0.000ns

    Location             Delay type                Incr(ns)  Path(ns)    Netlist Resource(s)
  -------------------------------------------------------------------    -------------------
                         (clock sys_clk_pin rise edge)
                                                      0.000     0.000 r  
    W5                                                0.000     0.000 r  clk (IN)
                         net (fo=0)                   0.000     0.000    clk
    W5                   IBUF (Prop_ibuf_I_O)         1.458     1.458 r  clk_IBUF_inst/O
                         net (fo=1, routed)           1.967     3.425    clk_IBUF
    BUFGCTRL_X0Y0        BUFG (Prop_bufg_I_O)         0.096     3.521 r  clk_IBUF_BUFG_inst/O
                         net (fo=160, routed)         1.626     5.147    U_STOPWATCH_DATAPATH/msec_counter/CLK
    SLICE_X62Y19         FDCE                                         r  U_STOPWATCH_DATAPATH/msec_counter/counter_reg_reg[0]/C
  -------------------------------------------------------------------    -------------------
    SLICE_X62Y19         FDCE (Prop_fdce_C_Q)         0.456     5.603 r  U_STOPWATCH_DATAPATH/msec_counter/counter_reg_reg[0]/Q
                         net (fo=14, routed)          0.706     6.309    U_STOPWATCH_DATAPATH/msec_counter/Q[0]
    SLICE_X62Y19         LUT2 (Prop_lut2_I1_O)        0.152     6.461 r  U_STOPWATCH_DATAPATH/msec_counter/counter_reg[2]_i_4/O
                         net (fo=2, routed)           0.457     6.917    U_STOPWATCH_DATAPATH/msec_counter/counter_reg[2]_i_4_n_0
    SLICE_X62Y19         LUT6 (Prop_lut6_I4_O)        0.326     7.243 f  U_STOPWATCH_DATAPATH/msec_counter/counter_reg[5]_i_3__3/O
                         net (fo=2, routed)           0.350     7.593    U_STOPWATCH_DATAPATH/msec_counter/counter_reg[5]_i_3__3_n_0
    SLICE_X60Y20         LUT6 (Prop_lut6_I2_O)        0.124     7.717 r  U_STOPWATCH_DATAPATH/msec_counter/counter_reg[5]_i_3__2/O
                         net (fo=2, routed)           0.415     8.132    U_STOPWATCH_DATAPATH/sec_counter/counter_reg_reg[4]_0
    SLICE_X61Y21         LUT6 (Prop_lut6_I0_O)        0.124     8.256 r  U_STOPWATCH_DATAPATH/sec_counter/counter_reg[5]_i_3__1/O
                         net (fo=2, routed)           0.428     8.685    U_CONTROL_UNIT/counter_reg_reg[0]
    SLICE_X60Y20         LUT3 (Prop_lut3_I2_O)        0.124     8.809 r  U_CONTROL_UNIT/counter_reg[5]_i_1__2/O
                         net (fo=6, routed)           0.784     9.593    U_STOPWATCH_DATAPATH/min_counter/counter_reg_reg[0]_0[0]
    SLICE_X60Y24         FDCE                                         r  U_STOPWATCH_DATAPATH/min_counter/counter_reg_reg[5]/CE
  -------------------------------------------------------------------    -------------------

                         (clock sys_clk_pin rise edge)
                                                     10.000    10.000 r  
    W5                                                0.000    10.000 r  clk (IN)
                         net (fo=0)                   0.000    10.000    clk
    W5                   IBUF (Prop_ibuf_I_O)         1.388    11.388 r  clk_IBUF_inst/O
                         net (fo=1, routed)           1.862    13.250    clk_IBUF
    BUFGCTRL_X0Y0        BUFG (Prop_bufg_I_O)         0.091    13.341 r  clk_IBUF_BUFG_inst/O
                         net (fo=160, routed)         1.501    14.842    U_STOPWATCH_DATAPATH/min_counter/CLK
    SLICE_X60Y24         FDCE                                         r  U_STOPWATCH_DATAPATH/min_counter/counter_reg_reg[5]/C
                         clock pessimism              0.260    15.102    
                         clock uncertainty           -0.035    15.067    
    SLICE_X60Y24         FDCE (Setup_fdce_C_CE)      -0.169    14.898    U_STOPWATCH_DATAPATH/min_counter/counter_reg_reg[5]
  -------------------------------------------------------------------
                         required time                         14.898    
                         arrival time                          -9.593    
  -------------------------------------------------------------------
                         slack                                  5.305    

Slack (MET) :             5.351ns  (required time - arrival time)
  Source:                 U_WATCH_DATAPATH/msec_counter/counter_reg_reg[1]/C
                            (rising edge-triggered cell FDCE clocked by sys_clk_pin  {rise@0.000ns fall@5.000ns period=10.000ns})
  Destination:            U_WATCH_DATAPATH/min_counter/counter_reg_reg[3]/CE
                            (rising edge-triggered cell FDCE clocked by sys_clk_pin  {rise@0.000ns fall@5.000ns period=10.000ns})
  Path Group:             sys_clk_pin
  Path Type:              Setup (Max at Slow Process Corner)
  Requirement:            10.000ns  (sys_clk_pin rise@10.000ns - sys_clk_pin rise@0.000ns)
  Data Path Delay:        4.303ns  (logic 1.076ns (25.007%)  route 3.227ns (74.993%))
  Logic Levels:           5  (LUT2=1 LUT5=1 LUT6=3)
  Clock Path Skew:        -0.106ns (DCD - SCD + CPR)
    Destination Clock Delay (DCD):    4.780ns = ( 14.780 - 10.000 ) 
    Source Clock Delay      (SCD):    5.146ns
    Clock Pessimism Removal (CPR):    0.260ns
  Clock Uncertainty:      0.035ns  ((TSJ^2 + TIJ^2)^1/2 + DJ) / 2 + PE
    Total System Jitter     (TSJ):    0.071ns
    Total Input Jitter      (TIJ):    0.000ns
    Discrete Jitter          (DJ):    0.000ns
    Phase Error              (PE):    0.000ns

    Location             Delay type                Incr(ns)  Path(ns)    Netlist Resource(s)
  -------------------------------------------------------------------    -------------------
                         (clock sys_clk_pin rise edge)
                                                      0.000     0.000 r  
    W5                                                0.000     0.000 r  clk (IN)
                         net (fo=0)                   0.000     0.000    clk
    W5                   IBUF (Prop_ibuf_I_O)         1.458     1.458 r  clk_IBUF_inst/O
                         net (fo=1, routed)           1.967     3.425    clk_IBUF
    BUFGCTRL_X0Y0        BUFG (Prop_bufg_I_O)         0.096     3.521 r  clk_IBUF_BUFG_inst/O
                         net (fo=160, routed)         1.625     5.146    U_WATCH_DATAPATH/msec_counter/CLK
    SLICE_X59Y19         FDCE                                         r  U_WATCH_DATAPATH/msec_counter/counter_reg_reg[1]/C
  -------------------------------------------------------------------    -------------------
    SLICE_X59Y19         FDCE (Prop_fdce_C_Q)         0.456     5.602 r  U_WATCH_DATAPATH/msec_counter/counter_reg_reg[1]/Q
                         net (fo=11, routed)          1.038     6.640    U_WATCH_DATAPATH/msec_counter/w_watch_time[1]
    SLICE_X59Y19         LUT2 (Prop_lut2_I0_O)        0.124     6.764 r  U_WATCH_DATAPATH/msec_counter/counter_reg[5]_i_4__3/O
                         net (fo=1, routed)           0.264     7.028    U_WATCH_DATAPATH/msec_counter/counter_reg[5]_i_4__3_n_0
    SLICE_X59Y19         LUT6 (Prop_lut6_I0_O)        0.124     7.152 r  U_WATCH_DATAPATH/msec_counter/counter_reg[5]_i_3__4/O
                         net (fo=3, routed)           0.312     7.465    U_WATCH_DATAPATH/msec_counter/counter_reg[5]_i_3__4_n_0
    SLICE_X59Y21         LUT6 (Prop_lut6_I4_O)        0.124     7.589 f  U_WATCH_DATAPATH/msec_counter/counter_reg[5]_i_3__0/O
                         net (fo=5, routed)           0.680     8.269    U_WATCH_DATAPATH/sec_counter/counter_reg_reg[4]_0
    SLICE_X57Y22         LUT6 (Prop_lut6_I1_O)        0.124     8.393 f  U_WATCH_DATAPATH/sec_counter/counter_reg[5]_i_3/O
                         net (fo=3, routed)           0.529     8.922    U_WATCH_DATAPATH/sec_counter/counter_reg_reg[2]_1
    SLICE_X56Y22         LUT5 (Prop_lut5_I0_O)        0.124     9.046 r  U_WATCH_DATAPATH/sec_counter/counter_reg[5]_i_1__0/O
                         net (fo=6, routed)           0.403     9.449    U_WATCH_DATAPATH/min_counter/counter_reg_reg[5]_3[0]
    SLICE_X57Y22         FDCE                                         r  U_WATCH_DATAPATH/min_counter/counter_reg_reg[3]/CE
  -------------------------------------------------------------------    -------------------

                         (clock sys_clk_pin rise edge)
                                                     10.000    10.000 r  
    W5                                                0.000    10.000 r  clk (IN)
                         net (fo=0)                   0.000    10.000    clk
    W5                   IBUF (Prop_ibuf_I_O)         1.388    11.388 r  clk_IBUF_inst/O
                         net (fo=1, routed)           1.862    13.250    clk_IBUF
    BUFGCTRL_X0Y0        BUFG (Prop_bufg_I_O)         0.091    13.341 r  clk_IBUF_BUFG_inst/O
                         net (fo=160, routed)         1.439    14.780    U_WATCH_DATAPATH/min_counter/CLK
    SLICE_X57Y22         FDCE                                         r  U_WATCH_DATAPATH/min_counter/counter_reg_reg[3]/C
                         clock pessimism              0.260    15.040    
                         clock uncertainty           -0.035    15.005    
    SLICE_X57Y22         FDCE (Setup_fdce_C_CE)      -0.205    14.800    U_WATCH_DATAPATH/min_counter/counter_reg_reg[3]
  -------------------------------------------------------------------
                         required time                         14.800    
                         arrival time                          -9.449    
  -------------------------------------------------------------------
                         slack                                  5.351    

Slack (MET) :             5.382ns  (required time - arrival time)
  Source:                 U_WATCH_DATAPATH/msec_counter/counter_reg_reg[1]/C
                            (rising edge-triggered cell FDCE clocked by sys_clk_pin  {rise@0.000ns fall@5.000ns period=10.000ns})
  Destination:            U_WATCH_DATAPATH/min_counter/counter_reg_reg[2]/CE
                            (rising edge-triggered cell FDCE clocked by sys_clk_pin  {rise@0.000ns fall@5.000ns period=10.000ns})
  Path Group:             sys_clk_pin
  Path Type:              Setup (Max at Slow Process Corner)
  Requirement:            10.000ns  (sys_clk_pin rise@10.000ns - sys_clk_pin rise@0.000ns)
  Data Path Delay:        4.351ns  (logic 1.076ns (24.729%)  route 3.275ns (75.271%))
  Logic Levels:           5  (LUT2=1 LUT5=1 LUT6=3)
  Clock Path Skew:        -0.027ns (DCD - SCD + CPR)
    Destination Clock Delay (DCD):    4.845ns = ( 14.845 - 10.000 ) 
    Source Clock Delay      (SCD):    5.146ns
    Clock Pessimism Removal (CPR):    0.274ns
  Clock Uncertainty:      0.035ns  ((TSJ^2 + TIJ^2)^1/2 + DJ) / 2 + PE
    Total System Jitter     (TSJ):    0.071ns
    Total Input Jitter      (TIJ):    0.000ns
    Discrete Jitter          (DJ):    0.000ns
    Phase Error              (PE):    0.000ns

    Location             Delay type                Incr(ns)  Path(ns)    Netlist Resource(s)
  -------------------------------------------------------------------    -------------------
                         (clock sys_clk_pin rise edge)
                                                      0.000     0.000 r  
    W5                                                0.000     0.000 r  clk (IN)
                         net (fo=0)                   0.000     0.000    clk
    W5                   IBUF (Prop_ibuf_I_O)         1.458     1.458 r  clk_IBUF_inst/O
                         net (fo=1, routed)           1.967     3.425    clk_IBUF
    BUFGCTRL_X0Y0        BUFG (Prop_bufg_I_O)         0.096     3.521 r  clk_IBUF_BUFG_inst/O
                         net (fo=160, routed)         1.625     5.146    U_WATCH_DATAPATH/msec_counter/CLK
    SLICE_X59Y19         FDCE                                         r  U_WATCH_DATAPATH/msec_counter/counter_reg_reg[1]/C
  -------------------------------------------------------------------    -------------------
    SLICE_X59Y19         FDCE (Prop_fdce_C_Q)         0.456     5.602 r  U_WATCH_DATAPATH/msec_counter/counter_reg_reg[1]/Q
                         net (fo=11, routed)          1.038     6.640    U_WATCH_DATAPATH/msec_counter/w_watch_time[1]
    SLICE_X59Y19         LUT2 (Prop_lut2_I0_O)        0.124     6.764 r  U_WATCH_DATAPATH/msec_counter/counter_reg[5]_i_4__3/O
                         net (fo=1, routed)           0.264     7.028    U_WATCH_DATAPATH/msec_counter/counter_reg[5]_i_4__3_n_0
    SLICE_X59Y19         LUT6 (Prop_lut6_I0_O)        0.124     7.152 r  U_WATCH_DATAPATH/msec_counter/counter_reg[5]_i_3__4/O
                         net (fo=3, routed)           0.312     7.465    U_WATCH_DATAPATH/msec_counter/counter_reg[5]_i_3__4_n_0
    SLICE_X59Y21         LUT6 (Prop_lut6_I4_O)        0.124     7.589 f  U_WATCH_DATAPATH/msec_counter/counter_reg[5]_i_3__0/O
                         net (fo=5, routed)           0.680     8.269    U_WATCH_DATAPATH/sec_counter/counter_reg_reg[4]_0
    SLICE_X57Y22         LUT6 (Prop_lut6_I1_O)        0.124     8.393 f  U_WATCH_DATAPATH/sec_counter/counter_reg[5]_i_3/O
                         net (fo=3, routed)           0.529     8.922    U_WATCH_DATAPATH/sec_counter/counter_reg_reg[2]_1
    SLICE_X56Y22         LUT5 (Prop_lut5_I0_O)        0.124     9.046 r  U_WATCH_DATAPATH/sec_counter/counter_reg[5]_i_1__0/O
                         net (fo=6, routed)           0.451     9.497    U_WATCH_DATAPATH/min_counter/counter_reg_reg[5]_3[0]
    SLICE_X58Y22         FDCE                                         r  U_WATCH_DATAPATH/min_counter/counter_reg_reg[2]/CE
  -------------------------------------------------------------------    -------------------

                         (clock sys_clk_pin rise edge)
                                                     10.000    10.000 r  
    W5                                                0.000    10.000 r  clk (IN)
                         net (fo=0)                   0.000    10.000    clk
    W5                   IBUF (Prop_ibuf_I_O)         1.388    11.388 r  clk_IBUF_inst/O
                         net (fo=1, routed)           1.862    13.250    clk_IBUF
    BUFGCTRL_X0Y0        BUFG (Prop_bufg_I_O)         0.091    13.341 r  clk_IBUF_BUFG_inst/O
                         net (fo=160, routed)         1.504    14.845    U_WATCH_DATAPATH/min_counter/CLK
    SLICE_X58Y22         FDCE                                         r  U_WATCH_DATAPATH/min_counter/counter_reg_reg[2]/C
                         clock pessimism              0.274    15.119    
                         clock uncertainty           -0.035    15.084    
    SLICE_X58Y22         FDCE (Setup_fdce_C_CE)      -0.205    14.879    U_WATCH_DATAPATH/min_counter/counter_reg_reg[2]
  -------------------------------------------------------------------
                         required time                         14.879    
                         arrival time                          -9.497    
  -------------------------------------------------------------------
                         slack                                  5.382    

Slack (MET) :             5.447ns  (required time - arrival time)
  Source:                 U_STOPWATCH_DATAPATH/msec_counter/counter_reg_reg[0]/C
                            (rising edge-triggered cell FDCE clocked by sys_clk_pin  {rise@0.000ns fall@5.000ns period=10.000ns})
  Destination:            U_STOPWATCH_DATAPATH/min_counter/counter_reg_reg[2]/CE
                            (rising edge-triggered cell FDCE clocked by sys_clk_pin  {rise@0.000ns fall@5.000ns period=10.000ns})
  Path Group:             sys_clk_pin
  Path Type:              Setup (Max at Slow Process Corner)
  Requirement:            10.000ns  (sys_clk_pin rise@10.000ns - sys_clk_pin rise@0.000ns)
  Data Path Delay:        4.306ns  (logic 1.306ns (30.332%)  route 3.000ns (69.668%))
  Logic Levels:           5  (LUT2=1 LUT3=1 LUT6=3)
  Clock Path Skew:        -0.043ns (DCD - SCD + CPR)
    Destination Clock Delay (DCD):    4.844ns = ( 14.844 - 10.000 ) 
    Source Clock Delay      (SCD):    5.147ns
    Clock Pessimism Removal (CPR):    0.260ns
  Clock Uncertainty:      0.035ns  ((TSJ^2 + TIJ^2)^1/2 + DJ) / 2 + PE
    Total System Jitter     (TSJ):    0.071ns
    Total Input Jitter      (TIJ):    0.000ns
    Discrete Jitter          (DJ):    0.000ns
    Phase Error              (PE):    0.000ns

    Location             Delay type                Incr(ns)  Path(ns)    Netlist Resource(s)
  -------------------------------------------------------------------    -------------------
                         (clock sys_clk_pin rise edge)
                                                      0.000     0.000 r  
    W5                                                0.000     0.000 r  clk (IN)
                         net (fo=0)                   0.000     0.000    clk
    W5                   IBUF (Prop_ibuf_I_O)         1.458     1.458 r  clk_IBUF_inst/O
                         net (fo=1, routed)           1.967     3.425    clk_IBUF
    BUFGCTRL_X0Y0        BUFG (Prop_bufg_I_O)         0.096     3.521 r  clk_IBUF_BUFG_inst/O
                         net (fo=160, routed)         1.626     5.147    U_STOPWATCH_DATAPATH/msec_counter/CLK
    SLICE_X62Y19         FDCE                                         r  U_STOPWATCH_DATAPATH/msec_counter/counter_reg_reg[0]/C
  -------------------------------------------------------------------    -------------------
    SLICE_X62Y19         FDCE (Prop_fdce_C_Q)         0.456     5.603 r  U_STOPWATCH_DATAPATH/msec_counter/counter_reg_reg[0]/Q
                         net (fo=14, routed)          0.706     6.309    U_STOPWATCH_DATAPATH/msec_counter/Q[0]
    SLICE_X62Y19         LUT2 (Prop_lut2_I1_O)        0.152     6.461 r  U_STOPWATCH_DATAPATH/msec_counter/counter_reg[2]_i_4/O
                         net (fo=2, routed)           0.457     6.917    U_STOPWATCH_DATAPATH/msec_counter/counter_reg[2]_i_4_n_0
    SLICE_X62Y19         LUT6 (Prop_lut6_I4_O)        0.326     7.243 f  U_STOPWATCH_DATAPATH/msec_counter/counter_reg[5]_i_3__3/O
                         net (fo=2, routed)           0.350     7.593    U_STOPWATCH_DATAPATH/msec_counter/counter_reg[5]_i_3__3_n_0
    SLICE_X60Y20         LUT6 (Prop_lut6_I2_O)        0.124     7.717 r  U_STOPWATCH_DATAPATH/msec_counter/counter_reg[5]_i_3__2/O
                         net (fo=2, routed)           0.415     8.132    U_STOPWATCH_DATAPATH/sec_counter/counter_reg_reg[4]_0
    SLICE_X61Y21         LUT6 (Prop_lut6_I0_O)        0.124     8.256 r  U_STOPWATCH_DATAPATH/sec_counter/counter_reg[5]_i_3__1/O
                         net (fo=2, routed)           0.428     8.685    U_CONTROL_UNIT/counter_reg_reg[0]
    SLICE_X60Y20         LUT3 (Prop_lut3_I2_O)        0.124     8.809 r  U_CONTROL_UNIT/counter_reg[5]_i_1__2/O
                         net (fo=6, routed)           0.644     9.453    U_STOPWATCH_DATAPATH/min_counter/counter_reg_reg[0]_0[0]
    SLICE_X60Y23         FDCE                                         r  U_STOPWATCH_DATAPATH/min_counter/counter_reg_reg[2]/CE
  -------------------------------------------------------------------    -------------------

                         (clock sys_clk_pin rise edge)
                                                     10.000    10.000 r  
    W5                                                0.000    10.000 r  clk (IN)
                         net (fo=0)                   0.000    10.000    clk
    W5                   IBUF (Prop_ibuf_I_O)         1.388    11.388 r  clk_IBUF_inst/O
                         net (fo=1, routed)           1.862    13.250    clk_IBUF
    BUFGCTRL_X0Y0        BUFG (Prop_bufg_I_O)         0.091    13.341 r  clk_IBUF_BUFG_inst/O
                         net (fo=160, routed)         1.503    14.844    U_STOPWATCH_DATAPATH/min_counter/CLK
    SLICE_X60Y23         FDCE                                         r  U_STOPWATCH_DATAPATH/min_counter/counter_reg_reg[2]/C
                         clock pessimism              0.260    15.104    
                         clock uncertainty           -0.035    15.069    
    SLICE_X60Y23         FDCE (Setup_fdce_C_CE)      -0.169    14.900    U_STOPWATCH_DATAPATH/min_counter/counter_reg_reg[2]
  -------------------------------------------------------------------
                         required time                         14.900    
                         arrival time                          -9.453    
  -------------------------------------------------------------------
                         slack                                  5.447    

Slack (MET) :             5.510ns  (required time - arrival time)
  Source:                 U_STOPWATCH_DATAPATH/msec_counter/counter_reg_reg[0]/C
                            (rising edge-triggered cell FDCE clocked by sys_clk_pin  {rise@0.000ns fall@5.000ns period=10.000ns})
  Destination:            U_STOPWATCH_DATAPATH/hour_counter/counter_reg_reg[0]/CE
                            (rising edge-triggered cell FDCE clocked by sys_clk_pin  {rise@0.000ns fall@5.000ns period=10.000ns})
  Path Group:             sys_clk_pin
  Path Type:              Setup (Max at Slow Process Corner)
  Requirement:            10.000ns  (sys_clk_pin rise@10.000ns - sys_clk_pin rise@0.000ns)
  Data Path Delay:        4.222ns  (logic 1.306ns (30.933%)  route 2.916ns (69.067%))
  Logic Levels:           5  (LUT2=1 LUT6=4)
  Clock Path Skew:        -0.028ns (DCD - SCD + CPR)
    Destination Clock Delay (DCD):    4.845ns = ( 14.845 - 10.000 ) 
    Source Clock Delay      (SCD):    5.147ns
    Clock Pessimism Removal (CPR):    0.274ns
  Clock Uncertainty:      0.035ns  ((TSJ^2 + TIJ^2)^1/2 + DJ) / 2 + PE
    Total System Jitter     (TSJ):    0.071ns
    Total Input Jitter      (TIJ):    0.000ns
    Discrete Jitter          (DJ):    0.000ns
    Phase Error              (PE):    0.000ns

    Location             Delay type                Incr(ns)  Path(ns)    Netlist Resource(s)
  -------------------------------------------------------------------    -------------------
                         (clock sys_clk_pin rise edge)
                                                      0.000     0.000 r  
    W5                                                0.000     0.000 r  clk (IN)
                         net (fo=0)                   0.000     0.000    clk
    W5                   IBUF (Prop_ibuf_I_O)         1.458     1.458 r  clk_IBUF_inst/O
                         net (fo=1, routed)           1.967     3.425    clk_IBUF
    BUFGCTRL_X0Y0        BUFG (Prop_bufg_I_O)         0.096     3.521 r  clk_IBUF_BUFG_inst/O
                         net (fo=160, routed)         1.626     5.147    U_STOPWATCH_DATAPATH/msec_counter/CLK
    SLICE_X62Y19         FDCE                                         r  U_STOPWATCH_DATAPATH/msec_counter/counter_reg_reg[0]/C
  -------------------------------------------------------------------    -------------------
    SLICE_X62Y19         FDCE (Prop_fdce_C_Q)         0.456     5.603 r  U_STOPWATCH_DATAPATH/msec_counter/counter_reg_reg[0]/Q
                         net (fo=14, routed)          0.706     6.309    U_STOPWATCH_DATAPATH/msec_counter/Q[0]
    SLICE_X62Y19         LUT2 (Prop_lut2_I1_O)        0.152     6.461 r  U_STOPWATCH_DATAPATH/msec_counter/counter_reg[2]_i_4/O
                         net (fo=2, routed)           0.457     6.917    U_STOPWATCH_DATAPATH/msec_counter/counter_reg[2]_i_4_n_0
    SLICE_X62Y19         LUT6 (Prop_lut6_I4_O)        0.326     7.243 f  U_STOPWATCH_DATAPATH/msec_counter/counter_reg[5]_i_3__3/O
                         net (fo=2, routed)           0.350     7.593    U_STOPWATCH_DATAPATH/msec_counter/counter_reg[5]_i_3__3_n_0
    SLICE_X60Y20         LUT6 (Prop_lut6_I2_O)        0.124     7.717 r  U_STOPWATCH_DATAPATH/msec_counter/counter_reg[5]_i_3__2/O
                         net (fo=2, routed)           0.415     8.132    U_STOPWATCH_DATAPATH/sec_counter/counter_reg_reg[4]_0
    SLICE_X61Y21         LUT6 (Prop_lut6_I0_O)        0.124     8.256 r  U_STOPWATCH_DATAPATH/sec_counter/counter_reg[5]_i_3__1/O
                         net (fo=2, routed)           0.465     8.721    U_STOPWATCH_DATAPATH/min_counter/counter_reg_reg[4]_0
    SLICE_X60Y23         LUT6 (Prop_lut6_I5_O)        0.124     8.845 r  U_STOPWATCH_DATAPATH/min_counter/counter_reg[4]_i_1__2/O
                         net (fo=5, routed)           0.524     9.369    U_STOPWATCH_DATAPATH/hour_counter/E[0]
    SLICE_X63Y23         FDCE                                         r  U_STOPWATCH_DATAPATH/hour_counter/counter_reg_reg[0]/CE
  -------------------------------------------------------------------    -------------------

                         (clock sys_clk_pin rise edge)
                                                     10.000    10.000 r  
    W5                                                0.000    10.000 r  clk (IN)
                         net (fo=0)                   0.000    10.000    clk
    W5                   IBUF (Prop_ibuf_I_O)         1.388    11.388 r  clk_IBUF_inst/O
                         net (fo=1, routed)           1.862    13.250    clk_IBUF
    BUFGCTRL_X0Y0        BUFG (Prop_bufg_I_O)         0.091    13.341 r  clk_IBUF_BUFG_inst/O
                         net (fo=160, routed)         1.504    14.845    U_STOPWATCH_DATAPATH/hour_counter/CLK
    SLICE_X63Y23         FDCE                                         r  U_STOPWATCH_DATAPATH/hour_counter/counter_reg_reg[0]/C
                         clock pessimism              0.274    15.119    
                         clock uncertainty           -0.035    15.084    
    SLICE_X63Y23         FDCE (Setup_fdce_C_CE)      -0.205    14.879    U_STOPWATCH_DATAPATH/hour_counter/counter_reg_reg[0]
  -------------------------------------------------------------------
                         required time                         14.879    
                         arrival time                          -9.369    
  -------------------------------------------------------------------
                         slack                                  5.510    

Slack (MET) :             5.510ns  (required time - arrival time)
  Source:                 U_STOPWATCH_DATAPATH/msec_counter/counter_reg_reg[0]/C
                            (rising edge-triggered cell FDCE clocked by sys_clk_pin  {rise@0.000ns fall@5.000ns period=10.000ns})
  Destination:            U_STOPWATCH_DATAPATH/hour_counter/counter_reg_reg[1]/CE
                            (rising edge-triggered cell FDCE clocked by sys_clk_pin  {rise@0.000ns fall@5.000ns period=10.000ns})
  Path Group:             sys_clk_pin
  Path Type:              Setup (Max at Slow Process Corner)
  Requirement:            10.000ns  (sys_clk_pin rise@10.000ns - sys_clk_pin rise@0.000ns)
  Data Path Delay:        4.222ns  (logic 1.306ns (30.933%)  route 2.916ns (69.067%))
  Logic Levels:           5  (LUT2=1 LUT6=4)
  Clock Path Skew:        -0.028ns (DCD - SCD + CPR)
    Destination Clock Delay (DCD):    4.845ns = ( 14.845 - 10.000 ) 
    Source Clock Delay      (SCD):    5.147ns
    Clock Pessimism Removal (CPR):    0.274ns
  Clock Uncertainty:      0.035ns  ((TSJ^2 + TIJ^2)^1/2 + DJ) / 2 + PE
    Total System Jitter     (TSJ):    0.071ns
    Total Input Jitter      (TIJ):    0.000ns
    Discrete Jitter          (DJ):    0.000ns
    Phase Error              (PE):    0.000ns

    Location             Delay type                Incr(ns)  Path(ns)    Netlist Resource(s)
  -------------------------------------------------------------------    -------------------
                         (clock sys_clk_pin rise edge)
                                                      0.000     0.000 r  
    W5                                                0.000     0.000 r  clk (IN)
                         net (fo=0)                   0.000     0.000    clk
    W5                   IBUF (Prop_ibuf_I_O)         1.458     1.458 r  clk_IBUF_inst/O
                         net (fo=1, routed)           1.967     3.425    clk_IBUF
    BUFGCTRL_X0Y0        BUFG (Prop_bufg_I_O)         0.096     3.521 r  clk_IBUF_BUFG_inst/O
                         net (fo=160, routed)         1.626     5.147    U_STOPWATCH_DATAPATH/msec_counter/CLK
    SLICE_X62Y19         FDCE                                         r  U_STOPWATCH_DATAPATH/msec_counter/counter_reg_reg[0]/C
  -------------------------------------------------------------------    -------------------
    SLICE_X62Y19         FDCE (Prop_fdce_C_Q)         0.456     5.603 r  U_STOPWATCH_DATAPATH/msec_counter/counter_reg_reg[0]/Q
                         net (fo=14, routed)          0.706     6.309    U_STOPWATCH_DATAPATH/msec_counter/Q[0]
    SLICE_X62Y19         LUT2 (Prop_lut2_I1_O)        0.152     6.461 r  U_STOPWATCH_DATAPATH/msec_counter/counter_reg[2]_i_4/O
                         net (fo=2, routed)           0.457     6.917    U_STOPWATCH_DATAPATH/msec_counter/counter_reg[2]_i_4_n_0
    SLICE_X62Y19         LUT6 (Prop_lut6_I4_O)        0.326     7.243 f  U_STOPWATCH_DATAPATH/msec_counter/counter_reg[5]_i_3__3/O
                         net (fo=2, routed)           0.350     7.593    U_STOPWATCH_DATAPATH/msec_counter/counter_reg[5]_i_3__3_n_0
    SLICE_X60Y20         LUT6 (Prop_lut6_I2_O)        0.124     7.717 r  U_STOPWATCH_DATAPATH/msec_counter/counter_reg[5]_i_3__2/O
                         net (fo=2, routed)           0.415     8.132    U_STOPWATCH_DATAPATH/sec_counter/counter_reg_reg[4]_0
    SLICE_X61Y21         LUT6 (Prop_lut6_I0_O)        0.124     8.256 r  U_STOPWATCH_DATAPATH/sec_counter/counter_reg[5]_i_3__1/O
                         net (fo=2, routed)           0.465     8.721    U_STOPWATCH_DATAPATH/min_counter/counter_reg_reg[4]_0
    SLICE_X60Y23         LUT6 (Prop_lut6_I5_O)        0.124     8.845 r  U_STOPWATCH_DATAPATH/min_counter/counter_reg[4]_i_1__2/O
                         net (fo=5, routed)           0.524     9.369    U_STOPWATCH_DATAPATH/hour_counter/E[0]
    SLICE_X63Y23         FDCE                                         r  U_STOPWATCH_DATAPATH/hour_counter/counter_reg_reg[1]/CE
  -------------------------------------------------------------------    -------------------

                         (clock sys_clk_pin rise edge)
                                                     10.000    10.000 r  
    W5                                                0.000    10.000 r  clk (IN)
                         net (fo=0)                   0.000    10.000    clk
    W5                   IBUF (Prop_ibuf_I_O)         1.388    11.388 r  clk_IBUF_inst/O
                         net (fo=1, routed)           1.862    13.250    clk_IBUF
    BUFGCTRL_X0Y0        BUFG (Prop_bufg_I_O)         0.091    13.341 r  clk_IBUF_BUFG_inst/O
                         net (fo=160, routed)         1.504    14.845    U_STOPWATCH_DATAPATH/hour_counter/CLK
    SLICE_X63Y23         FDCE                                         r  U_STOPWATCH_DATAPATH/hour_counter/counter_reg_reg[1]/C
                         clock pessimism              0.274    15.119    
                         clock uncertainty           -0.035    15.084    
    SLICE_X63Y23         FDCE (Setup_fdce_C_CE)      -0.205    14.879    U_STOPWATCH_DATAPATH/hour_counter/counter_reg_reg[1]
  -------------------------------------------------------------------
                         required time                         14.879    
                         arrival time                          -9.369    
  -------------------------------------------------------------------
                         slack                                  5.510    





Min Delay Paths
--------------------------------------------------------------------------------------
Slack (MET) :             0.171ns  (arrival time - required time)
  Source:                 U_BD_DOWN_U/counter_reg_reg[3]/C
                            (rising edge-triggered cell FDCE clocked by sys_clk_pin  {rise@0.000ns fall@5.000ns period=10.000ns})
  Destination:            U_BD_DOWN_U/counter_reg_reg[9]/D
                            (rising edge-triggered cell FDCE clocked by sys_clk_pin  {rise@0.000ns fall@5.000ns period=10.000ns})
  Path Group:             sys_clk_pin
  Path Type:              Hold (Min at Fast Process Corner)
  Requirement:            0.000ns  (sys_clk_pin rise@0.000ns - sys_clk_pin rise@0.000ns)
  Data Path Delay:        0.315ns  (logic 0.189ns (60.093%)  route 0.126ns (39.907%))
  Logic Levels:           1  (LUT5=1)
  Clock Path Skew:        0.013ns (DCD - SCD - CPR)
    Destination Clock Delay (DCD):    1.955ns
    Source Clock Delay      (SCD):    1.442ns
    Clock Pessimism Removal (CPR):    0.500ns

    Location             Delay type                Incr(ns)  Path(ns)    Netlist Resource(s)
  -------------------------------------------------------------------    -------------------
                         (clock sys_clk_pin rise edge)
                                                      0.000     0.000 r  
    W5                                                0.000     0.000 r  clk (IN)
                         net (fo=0)                   0.000     0.000    clk
    W5                   IBUF (Prop_ibuf_I_O)         0.226     0.226 r  clk_IBUF_inst/O
                         net (fo=1, routed)           0.631     0.858    clk_IBUF
    BUFGCTRL_X0Y0        BUFG (Prop_bufg_I_O)         0.026     0.884 r  clk_IBUF_BUFG_inst/O
                         net (fo=160, routed)         0.559     1.442    U_BD_DOWN_U/CLK
    SLICE_X55Y18         FDCE                                         r  U_BD_DOWN_U/counter_reg_reg[3]/C
  -------------------------------------------------------------------    -------------------
    SLICE_X55Y18         FDCE (Prop_fdce_C_Q)         0.141     1.583 r  U_BD_DOWN_U/counter_reg_reg[3]/Q
                         net (fo=9, routed)           0.126     1.709    U_BD_DOWN_U/counter_reg_reg_n_0_[3]
    SLICE_X54Y18         LUT5 (Prop_lut5_I4_O)        0.048     1.757 r  U_BD_DOWN_U/counter_reg[9]_i_1__1/O
                         net (fo=1, routed)           0.000     1.757    U_BD_DOWN_U/counter_reg[9]
    SLICE_X54Y18         FDCE                                         r  U_BD_DOWN_U/counter_reg_reg[9]/D
  -------------------------------------------------------------------    -------------------

                         (clock sys_clk_pin rise edge)
                                                      0.000     0.000 r  
    W5                                                0.000     0.000 r  clk (IN)
                         net (fo=0)                   0.000     0.000    clk
    W5                   IBUF (Prop_ibuf_I_O)         0.414     0.414 r  clk_IBUF_inst/O
                         net (fo=1, routed)           0.685     1.099    clk_IBUF
    BUFGCTRL_X0Y0        BUFG (Prop_bufg_I_O)         0.029     1.128 r  clk_IBUF_BUFG_inst/O
                         net (fo=160, routed)         0.828     1.955    U_BD_DOWN_U/CLK
    SLICE_X54Y18         FDCE                                         r  U_BD_DOWN_U/counter_reg_reg[9]/C
                         clock pessimism             -0.500     1.455    
    SLICE_X54Y18         FDCE (Hold_fdce_C_D)         0.131     1.586    U_BD_DOWN_U/counter_reg_reg[9]
  -------------------------------------------------------------------
                         required time                         -1.586    
                         arrival time                           1.757    
  -------------------------------------------------------------------
                         slack                                  0.171    

Slack (MET) :             0.178ns  (arrival time - required time)
  Source:                 U_BD_DOWN_U/counter_reg_reg[3]/C
                            (rising edge-triggered cell FDCE clocked by sys_clk_pin  {rise@0.000ns fall@5.000ns period=10.000ns})
  Destination:            U_BD_DOWN_U/counter_reg_reg[8]/D
                            (rising edge-triggered cell FDCE clocked by sys_clk_pin  {rise@0.000ns fall@5.000ns period=10.000ns})
  Path Group:             sys_clk_pin
  Path Type:              Hold (Min at Fast Process Corner)
  Requirement:            0.000ns  (sys_clk_pin rise@0.000ns - sys_clk_pin rise@0.000ns)
  Data Path Delay:        0.312ns  (logic 0.186ns (59.709%)  route 0.126ns (40.291%))
  Logic Levels:           1  (LUT5=1)
  Clock Path Skew:        0.013ns (DCD - SCD - CPR)
    Destination Clock Delay (DCD):    1.955ns
    Source Clock Delay      (SCD):    1.442ns
    Clock Pessimism Removal (CPR):    0.500ns

    Location             Delay type                Incr(ns)  Path(ns)    Netlist Resource(s)
  -------------------------------------------------------------------    -------------------
                         (clock sys_clk_pin rise edge)
                                                      0.000     0.000 r  
    W5                                                0.000     0.000 r  clk (IN)
                         net (fo=0)                   0.000     0.000    clk
    W5                   IBUF (Prop_ibuf_I_O)         0.226     0.226 r  clk_IBUF_inst/O
                         net (fo=1, routed)           0.631     0.858    clk_IBUF
    BUFGCTRL_X0Y0        BUFG (Prop_bufg_I_O)         0.026     0.884 r  clk_IBUF_BUFG_inst/O
                         net (fo=160, routed)         0.559     1.442    U_BD_DOWN_U/CLK
    SLICE_X55Y18         FDCE                                         r  U_BD_DOWN_U/counter_reg_reg[3]/C
  -------------------------------------------------------------------    -------------------
    SLICE_X55Y18         FDCE (Prop_fdce_C_Q)         0.141     1.583 r  U_BD_DOWN_U/counter_reg_reg[3]/Q
                         net (fo=9, routed)           0.126     1.709    U_BD_DOWN_U/counter_reg_reg_n_0_[3]
    SLICE_X54Y18         LUT5 (Prop_lut5_I4_O)        0.045     1.754 r  U_BD_DOWN_U/counter_reg[8]_i_1__1/O
                         net (fo=1, routed)           0.000     1.754    U_BD_DOWN_U/counter_reg[8]
    SLICE_X54Y18         FDCE                                         r  U_BD_DOWN_U/counter_reg_reg[8]/D
  -------------------------------------------------------------------    -------------------

                         (clock sys_clk_pin rise edge)
                                                      0.000     0.000 r  
    W5                                                0.000     0.000 r  clk (IN)
                         net (fo=0)                   0.000     0.000    clk
    W5                   IBUF (Prop_ibuf_I_O)         0.414     0.414 r  clk_IBUF_inst/O
                         net (fo=1, routed)           0.685     1.099    clk_IBUF
    BUFGCTRL_X0Y0        BUFG (Prop_bufg_I_O)         0.029     1.128 r  clk_IBUF_BUFG_inst/O
                         net (fo=160, routed)         0.828     1.955    U_BD_DOWN_U/CLK
    SLICE_X54Y18         FDCE                                         r  U_BD_DOWN_U/counter_reg_reg[8]/C
                         clock pessimism             -0.500     1.455    
    SLICE_X54Y18         FDCE (Hold_fdce_C_D)         0.121     1.576    U_BD_DOWN_U/counter_reg_reg[8]
  -------------------------------------------------------------------
                         required time                         -1.576    
                         arrival time                           1.754    
  -------------------------------------------------------------------
                         slack                                  0.178    

Slack (MET) :             0.203ns  (arrival time - required time)
  Source:                 U_WATCH_DATAPATH/msec_counter/counter_reg_reg[0]/C
                            (rising edge-triggered cell FDCE clocked by sys_clk_pin  {rise@0.000ns fall@5.000ns period=10.000ns})
  Destination:            U_WATCH_DATAPATH/msec_counter/counter_reg_reg[1]/D
                            (rising edge-triggered cell FDCE clocked by sys_clk_pin  {rise@0.000ns fall@5.000ns period=10.000ns})
  Path Group:             sys_clk_pin
  Path Type:              Hold (Min at Fast Process Corner)
  Requirement:            0.000ns  (sys_clk_pin rise@0.000ns - sys_clk_pin rise@0.000ns)
  Data Path Delay:        0.321ns  (logic 0.189ns (58.850%)  route 0.132ns (41.150%))
  Logic Levels:           1  (LUT3=1)
  Clock Path Skew:        0.013ns (DCD - SCD - CPR)
    Destination Clock Delay (DCD):    1.981ns
    Source Clock Delay      (SCD):    1.469ns
    Clock Pessimism Removal (CPR):    0.499ns

    Location             Delay type                Incr(ns)  Path(ns)    Netlist Resource(s)
  -------------------------------------------------------------------    -------------------
                         (clock sys_clk_pin rise edge)
                                                      0.000     0.000 r  
    W5                                                0.000     0.000 r  clk (IN)
                         net (fo=0)                   0.000     0.000    clk
    W5                   IBUF (Prop_ibuf_I_O)         0.226     0.226 r  clk_IBUF_inst/O
                         net (fo=1, routed)           0.631     0.858    clk_IBUF
    BUFGCTRL_X0Y0        BUFG (Prop_bufg_I_O)         0.026     0.884 r  clk_IBUF_BUFG_inst/O
                         net (fo=160, routed)         0.586     1.469    U_WATCH_DATAPATH/msec_counter/CLK
    SLICE_X58Y19         FDCE                                         r  U_WATCH_DATAPATH/msec_counter/counter_reg_reg[0]/C
  -------------------------------------------------------------------    -------------------
    SLICE_X58Y19         FDCE (Prop_fdce_C_Q)         0.141     1.610 r  U_WATCH_DATAPATH/msec_counter/counter_reg_reg[0]/Q
                         net (fo=12, routed)          0.132     1.742    U_WATCH_DATAPATH/msec_counter/Q[0]
    SLICE_X59Y19         LUT3 (Prop_lut3_I1_O)        0.048     1.790 r  U_WATCH_DATAPATH/msec_counter/counter_reg[1]_i_1__1/O
                         net (fo=1, routed)           0.000     1.790    U_WATCH_DATAPATH/msec_counter/counter_reg[1]_i_1__1_n_0
    SLICE_X59Y19         FDCE                                         r  U_WATCH_DATAPATH/msec_counter/counter_reg_reg[1]/D
  -------------------------------------------------------------------    -------------------

                         (clock sys_clk_pin rise edge)
                                                      0.000     0.000 r  
    W5                                                0.000     0.000 r  clk (IN)
                         net (fo=0)                   0.000     0.000    clk
    W5                   IBUF (Prop_ibuf_I_O)         0.414     0.414 r  clk_IBUF_inst/O
                         net (fo=1, routed)           0.685     1.099    clk_IBUF
    BUFGCTRL_X0Y0        BUFG (Prop_bufg_I_O)         0.029     1.128 r  clk_IBUF_BUFG_inst/O
                         net (fo=160, routed)         0.854     1.981    U_WATCH_DATAPATH/msec_counter/CLK
    SLICE_X59Y19         FDCE                                         r  U_WATCH_DATAPATH/msec_counter/counter_reg_reg[1]/C
                         clock pessimism             -0.499     1.482    
    SLICE_X59Y19         FDCE (Hold_fdce_C_D)         0.105     1.587    U_WATCH_DATAPATH/msec_counter/counter_reg_reg[1]
  -------------------------------------------------------------------
                         required time                         -1.587    
                         arrival time                           1.790    
  -------------------------------------------------------------------
                         slack                                  0.203    

Slack (MET) :             0.211ns  (arrival time - required time)
  Source:                 U_BD_CLEAR/counter_reg_reg[4]/C
                            (rising edge-triggered cell FDCE clocked by sys_clk_pin  {rise@0.000ns fall@5.000ns period=10.000ns})
  Destination:            U_BD_CLEAR/counter_reg_reg[6]/D
                            (rising edge-triggered cell FDCE clocked by sys_clk_pin  {rise@0.000ns fall@5.000ns period=10.000ns})
  Path Group:             sys_clk_pin
  Path Type:              Hold (Min at Fast Process Corner)
  Requirement:            0.000ns  (sys_clk_pin rise@0.000ns - sys_clk_pin rise@0.000ns)
  Data Path Delay:        0.316ns  (logic 0.209ns (66.039%)  route 0.107ns (33.961%))
  Logic Levels:           1  (LUT6=1)
  Clock Path Skew:        0.013ns (DCD - SCD - CPR)
    Destination Clock Delay (DCD):    1.949ns
    Source Clock Delay      (SCD):    1.437ns
    Clock Pessimism Removal (CPR):    0.499ns

    Location             Delay type                Incr(ns)  Path(ns)    Netlist Resource(s)
  -------------------------------------------------------------------    -------------------
                         (clock sys_clk_pin rise edge)
                                                      0.000     0.000 r  
    W5                                                0.000     0.000 r  clk (IN)
                         net (fo=0)                   0.000     0.000    clk
    W5                   IBUF (Prop_ibuf_I_O)         0.226     0.226 r  clk_IBUF_inst/O
                         net (fo=1, routed)           0.631     0.858    clk_IBUF
    BUFGCTRL_X0Y0        BUFG (Prop_bufg_I_O)         0.026     0.884 r  clk_IBUF_BUFG_inst/O
                         net (fo=160, routed)         0.554     1.437    U_BD_CLEAR/CLK
    SLICE_X54Y23         FDCE                                         r  U_BD_CLEAR/counter_reg_reg[4]/C
  -------------------------------------------------------------------    -------------------
    SLICE_X54Y23         FDCE (Prop_fdce_C_Q)         0.164     1.601 r  U_BD_CLEAR/counter_reg_reg[4]/Q
                         net (fo=9, routed)           0.107     1.709    U_BD_CLEAR/counter_reg_reg_n_0_[4]
    SLICE_X55Y23         LUT6 (Prop_lut6_I2_O)        0.045     1.754 r  U_BD_CLEAR/counter_reg[6]_i_1__1/O
                         net (fo=1, routed)           0.000     1.754    U_BD_CLEAR/counter_reg[6]
    SLICE_X55Y23         FDCE                                         r  U_BD_CLEAR/counter_reg_reg[6]/D
  -------------------------------------------------------------------    -------------------

                         (clock sys_clk_pin rise edge)
                                                      0.000     0.000 r  
    W5                                                0.000     0.000 r  clk (IN)
                         net (fo=0)                   0.000     0.000    clk
    W5                   IBUF (Prop_ibuf_I_O)         0.414     0.414 r  clk_IBUF_inst/O
                         net (fo=1, routed)           0.685     1.099    clk_IBUF
    BUFGCTRL_X0Y0        BUFG (Prop_bufg_I_O)         0.029     1.128 r  clk_IBUF_BUFG_inst/O
                         net (fo=160, routed)         0.822     1.949    U_BD_CLEAR/CLK
    SLICE_X55Y23         FDCE                                         r  U_BD_CLEAR/counter_reg_reg[6]/C
                         clock pessimism             -0.499     1.450    
    SLICE_X55Y23         FDCE (Hold_fdce_C_D)         0.092     1.542    U_BD_CLEAR/counter_reg_reg[6]
  -------------------------------------------------------------------
                         required time                         -1.542    
                         arrival time                           1.754    
  -------------------------------------------------------------------
                         slack                                  0.211    

Slack (MET) :             0.213ns  (arrival time - required time)
  Source:                 U_BD_CLEAR/counter_reg_reg[4]/C
                            (rising edge-triggered cell FDCE clocked by sys_clk_pin  {rise@0.000ns fall@5.000ns period=10.000ns})
  Destination:            U_BD_CLEAR/counter_reg_reg[5]/D
                            (rising edge-triggered cell FDCE clocked by sys_clk_pin  {rise@0.000ns fall@5.000ns period=10.000ns})
  Path Group:             sys_clk_pin
  Path Type:              Hold (Min at Fast Process Corner)
  Requirement:            0.000ns  (sys_clk_pin rise@0.000ns - sys_clk_pin rise@0.000ns)
  Data Path Delay:        0.317ns  (logic 0.209ns (65.831%)  route 0.108ns (34.169%))
  Logic Levels:           1  (LUT6=1)
  Clock Path Skew:        0.013ns (DCD - SCD - CPR)
    Destination Clock Delay (DCD):    1.949ns
    Source Clock Delay      (SCD):    1.437ns
    Clock Pessimism Removal (CPR):    0.499ns

    Location             Delay type                Incr(ns)  Path(ns)    Netlist Resource(s)
  -------------------------------------------------------------------    -------------------
                         (clock sys_clk_pin rise edge)
                                                      0.000     0.000 r  
    W5                                                0.000     0.000 r  clk (IN)
                         net (fo=0)                   0.000     0.000    clk
    W5                   IBUF (Prop_ibuf_I_O)         0.226     0.226 r  clk_IBUF_inst/O
                         net (fo=1, routed)           0.631     0.858    clk_IBUF
    BUFGCTRL_X0Y0        BUFG (Prop_bufg_I_O)         0.026     0.884 r  clk_IBUF_BUFG_inst/O
                         net (fo=160, routed)         0.554     1.437    U_BD_CLEAR/CLK
    SLICE_X54Y23         FDCE                                         r  U_BD_CLEAR/counter_reg_reg[4]/C
  -------------------------------------------------------------------    -------------------
    SLICE_X54Y23         FDCE (Prop_fdce_C_Q)         0.164     1.601 r  U_BD_CLEAR/counter_reg_reg[4]/Q
                         net (fo=9, routed)           0.108     1.710    U_BD_CLEAR/counter_reg_reg_n_0_[4]
    SLICE_X55Y23         LUT6 (Prop_lut6_I4_O)        0.045     1.755 r  U_BD_CLEAR/counter_reg[5]_i_1__6/O
                         net (fo=1, routed)           0.000     1.755    U_BD_CLEAR/counter_reg[5]
    SLICE_X55Y23         FDCE                                         r  U_BD_CLEAR/counter_reg_reg[5]/D
  -------------------------------------------------------------------    -------------------

                         (clock sys_clk_pin rise edge)
                                                      0.000     0.000 r  
    W5                                                0.000     0.000 r  clk (IN)
                         net (fo=0)                   0.000     0.000    clk
    W5                   IBUF (Prop_ibuf_I_O)         0.414     0.414 r  clk_IBUF_inst/O
                         net (fo=1, routed)           0.685     1.099    clk_IBUF
    BUFGCTRL_X0Y0        BUFG (Prop_bufg_I_O)         0.029     1.128 r  clk_IBUF_BUFG_inst/O
                         net (fo=160, routed)         0.822     1.949    U_BD_CLEAR/CLK
    SLICE_X55Y23         FDCE                                         r  U_BD_CLEAR/counter_reg_reg[5]/C
                         clock pessimism             -0.499     1.450    
    SLICE_X55Y23         FDCE (Hold_fdce_C_D)         0.091     1.541    U_BD_CLEAR/counter_reg_reg[5]
  -------------------------------------------------------------------
                         required time                         -1.541    
                         arrival time                           1.755    
  -------------------------------------------------------------------
                         slack                                  0.213    

Slack (MET) :             0.225ns  (arrival time - required time)
  Source:                 U_WATCH_DATAPATH/hour_counter/counter_reg_reg[0]/C
                            (rising edge-triggered cell FDCE clocked by sys_clk_pin  {rise@0.000ns fall@5.000ns period=10.000ns})
  Destination:            U_WATCH_DATAPATH/hour_counter/counter_reg_reg[2]/D
                            (rising edge-triggered cell FDPE clocked by sys_clk_pin  {rise@0.000ns fall@5.000ns period=10.000ns})
  Path Group:             sys_clk_pin
  Path Type:              Hold (Min at Fast Process Corner)
  Requirement:            0.000ns  (sys_clk_pin rise@0.000ns - sys_clk_pin rise@0.000ns)
  Data Path Delay:        0.378ns  (logic 0.186ns (49.159%)  route 0.192ns (50.841%))
  Logic Levels:           1  (LUT4=1)
  Clock Path Skew:        0.033ns (DCD - SCD - CPR)
    Destination Clock Delay (DCD):    1.975ns
    Source Clock Delay      (SCD):    1.464ns
    Clock Pessimism Removal (CPR):    0.478ns

    Location             Delay type                Incr(ns)  Path(ns)    Netlist Resource(s)
  -------------------------------------------------------------------    -------------------
                         (clock sys_clk_pin rise edge)
                                                      0.000     0.000 r  
    W5                                                0.000     0.000 r  clk (IN)
                         net (fo=0)                   0.000     0.000    clk
    W5                   IBUF (Prop_ibuf_I_O)         0.226     0.226 r  clk_IBUF_inst/O
                         net (fo=1, routed)           0.631     0.858    clk_IBUF
    BUFGCTRL_X0Y0        BUFG (Prop_bufg_I_O)         0.026     0.884 r  clk_IBUF_BUFG_inst/O
                         net (fo=160, routed)         0.581     1.464    U_WATCH_DATAPATH/hour_counter/CLK
    SLICE_X61Y24         FDCE                                         r  U_WATCH_DATAPATH/hour_counter/counter_reg_reg[0]/C
  -------------------------------------------------------------------    -------------------
    SLICE_X61Y24         FDCE (Prop_fdce_C_Q)         0.141     1.605 r  U_WATCH_DATAPATH/hour_counter/counter_reg_reg[0]/Q
                         net (fo=6, routed)           0.192     1.797    U_WATCH_DATAPATH/hour_counter/Q[0]
    SLICE_X60Y25         LUT4 (Prop_lut4_I1_O)        0.045     1.842 r  U_WATCH_DATAPATH/hour_counter/counter_reg[2]_i_1__7/O
                         net (fo=1, routed)           0.000     1.842    U_WATCH_DATAPATH/hour_counter/counter_reg[2]_i_1__7_n_0
    SLICE_X60Y25         FDPE                                         r  U_WATCH_DATAPATH/hour_counter/counter_reg_reg[2]/D
  -------------------------------------------------------------------    -------------------

                         (clock sys_clk_pin rise edge)
                                                      0.000     0.000 r  
    W5                                                0.000     0.000 r  clk (IN)
                         net (fo=0)                   0.000     0.000    clk
    W5                   IBUF (Prop_ibuf_I_O)         0.414     0.414 r  clk_IBUF_inst/O
                         net (fo=1, routed)           0.685     1.099    clk_IBUF
    BUFGCTRL_X0Y0        BUFG (Prop_bufg_I_O)         0.029     1.128 r  clk_IBUF_BUFG_inst/O
                         net (fo=160, routed)         0.848     1.975    U_WATCH_DATAPATH/hour_counter/CLK
    SLICE_X60Y25         FDPE                                         r  U_WATCH_DATAPATH/hour_counter/counter_reg_reg[2]/C
                         clock pessimism             -0.478     1.497    
    SLICE_X60Y25         FDPE (Hold_fdpe_C_D)         0.120     1.617    U_WATCH_DATAPATH/hour_counter/counter_reg_reg[2]
  -------------------------------------------------------------------
                         required time                         -1.617    
                         arrival time                           1.842    
  -------------------------------------------------------------------
                         slack                                  0.225    

Slack (MET) :             0.237ns  (arrival time - required time)
  Source:                 U_BD_DOWN_U/counter_reg_reg[8]/C
                            (rising edge-triggered cell FDCE clocked by sys_clk_pin  {rise@0.000ns fall@5.000ns period=10.000ns})
  Destination:            U_BD_DOWN_U/CLK_100khz_reg_reg/D
                            (rising edge-triggered cell FDCE clocked by sys_clk_pin  {rise@0.000ns fall@5.000ns period=10.000ns})
  Path Group:             sys_clk_pin
  Path Type:              Hold (Min at Fast Process Corner)
  Requirement:            0.000ns  (sys_clk_pin rise@0.000ns - sys_clk_pin rise@0.000ns)
  Data Path Delay:        0.370ns  (logic 0.209ns (56.464%)  route 0.161ns (43.536%))
  Logic Levels:           1  (LUT5=1)
  Clock Path Skew:        0.013ns (DCD - SCD - CPR)
    Destination Clock Delay (DCD):    1.954ns
    Source Clock Delay      (SCD):    1.442ns
    Clock Pessimism Removal (CPR):    0.499ns

    Location             Delay type                Incr(ns)  Path(ns)    Netlist Resource(s)
  -------------------------------------------------------------------    -------------------
                         (clock sys_clk_pin rise edge)
                                                      0.000     0.000 r  
    W5                                                0.000     0.000 r  clk (IN)
                         net (fo=0)                   0.000     0.000    clk
    W5                   IBUF (Prop_ibuf_I_O)         0.226     0.226 r  clk_IBUF_inst/O
                         net (fo=1, routed)           0.631     0.858    clk_IBUF
    BUFGCTRL_X0Y0        BUFG (Prop_bufg_I_O)         0.026     0.884 r  clk_IBUF_BUFG_inst/O
                         net (fo=160, routed)         0.559     1.442    U_BD_DOWN_U/CLK
    SLICE_X54Y18         FDCE                                         r  U_BD_DOWN_U/counter_reg_reg[8]/C
  -------------------------------------------------------------------    -------------------
    SLICE_X54Y18         FDCE (Prop_fdce_C_Q)         0.164     1.606 r  U_BD_DOWN_U/counter_reg_reg[8]/Q
                         net (fo=5, routed)           0.161     1.767    U_BD_DOWN_U/counter_reg_reg_n_0_[8]
    SLICE_X54Y19         LUT5 (Prop_lut5_I2_O)        0.045     1.812 r  U_BD_DOWN_U/CLK_100khz_reg_i_1__1/O
                         net (fo=1, routed)           0.000     1.812    U_BD_DOWN_U/CLK_100khz_reg
    SLICE_X54Y19         FDCE                                         r  U_BD_DOWN_U/CLK_100khz_reg_reg/D
  -------------------------------------------------------------------    -------------------

                         (clock sys_clk_pin rise edge)
                                                      0.000     0.000 r  
    W5                                                0.000     0.000 r  clk (IN)
                         net (fo=0)                   0.000     0.000    clk
    W5                   IBUF (Prop_ibuf_I_O)         0.414     0.414 r  clk_IBUF_inst/O
                         net (fo=1, routed)           0.685     1.099    clk_IBUF
    BUFGCTRL_X0Y0        BUFG (Prop_bufg_I_O)         0.029     1.128 r  clk_IBUF_BUFG_inst/O
                         net (fo=160, routed)         0.827     1.954    U_BD_DOWN_U/CLK
    SLICE_X54Y19         FDCE                                         r  U_BD_DOWN_U/CLK_100khz_reg_reg/C
                         clock pessimism             -0.499     1.455    
    SLICE_X54Y19         FDCE (Hold_fdce_C_D)         0.120     1.575    U_BD_DOWN_U/CLK_100khz_reg_reg
  -------------------------------------------------------------------
                         required time                         -1.575    
                         arrival time                           1.812    
  -------------------------------------------------------------------
                         slack                                  0.237    

Slack (MET) :             0.238ns  (arrival time - required time)
  Source:                 U_WATCH_DATAPATH/hour_counter/counter_reg_reg[0]/C
                            (rising edge-triggered cell FDCE clocked by sys_clk_pin  {rise@0.000ns fall@5.000ns period=10.000ns})
  Destination:            U_WATCH_DATAPATH/hour_counter/counter_reg_reg[4]/D
                            (rising edge-triggered cell FDCE clocked by sys_clk_pin  {rise@0.000ns fall@5.000ns period=10.000ns})
  Path Group:             sys_clk_pin
  Path Type:              Hold (Min at Fast Process Corner)
  Requirement:            0.000ns  (sys_clk_pin rise@0.000ns - sys_clk_pin rise@0.000ns)
  Data Path Delay:        0.330ns  (logic 0.186ns (56.382%)  route 0.144ns (43.618%))
  Logic Levels:           1  (LUT6=1)
  Clock Path Skew:        0.000ns (DCD - SCD - CPR)
    Destination Clock Delay (DCD):    1.975ns
    Source Clock Delay      (SCD):    1.464ns
    Clock Pessimism Removal (CPR):    0.511ns

    Location             Delay type                Incr(ns)  Path(ns)    Netlist Resource(s)
  -------------------------------------------------------------------    -------------------
                         (clock sys_clk_pin rise edge)
                                                      0.000     0.000 r  
    W5                                                0.000     0.000 r  clk (IN)
                         net (fo=0)                   0.000     0.000    clk
    W5                   IBUF (Prop_ibuf_I_O)         0.226     0.226 r  clk_IBUF_inst/O
                         net (fo=1, routed)           0.631     0.858    clk_IBUF
    BUFGCTRL_X0Y0        BUFG (Prop_bufg_I_O)         0.026     0.884 r  clk_IBUF_BUFG_inst/O
                         net (fo=160, routed)         0.581     1.464    U_WATCH_DATAPATH/hour_counter/CLK
    SLICE_X61Y24         FDCE                                         r  U_WATCH_DATAPATH/hour_counter/counter_reg_reg[0]/C
  -------------------------------------------------------------------    -------------------
    SLICE_X61Y24         FDCE (Prop_fdce_C_Q)         0.141     1.605 r  U_WATCH_DATAPATH/hour_counter/counter_reg_reg[0]/Q
                         net (fo=6, routed)           0.144     1.749    U_WATCH_DATAPATH/hour_counter/Q[0]
    SLICE_X61Y24         LUT6 (Prop_lut6_I3_O)        0.045     1.794 r  U_WATCH_DATAPATH/hour_counter/counter_reg[4]_i_2/O
                         net (fo=1, routed)           0.000     1.794    U_WATCH_DATAPATH/hour_counter/counter_next[4]
    SLICE_X61Y24         FDCE                                         r  U_WATCH_DATAPATH/hour_counter/counter_reg_reg[4]/D
  -------------------------------------------------------------------    -------------------

                         (clock sys_clk_pin rise edge)
                                                      0.000     0.000 r  
    W5                                                0.000     0.000 r  clk (IN)
                         net (fo=0)                   0.000     0.000    clk
    W5                   IBUF (Prop_ibuf_I_O)         0.414     0.414 r  clk_IBUF_inst/O
                         net (fo=1, routed)           0.685     1.099    clk_IBUF
    BUFGCTRL_X0Y0        BUFG (Prop_bufg_I_O)         0.029     1.128 r  clk_IBUF_BUFG_inst/O
                         net (fo=160, routed)         0.848     1.975    U_WATCH_DATAPATH/hour_counter/CLK
    SLICE_X61Y24         FDCE                                         r  U_WATCH_DATAPATH/hour_counter/counter_reg_reg[4]/C
                         clock pessimism             -0.511     1.464    
    SLICE_X61Y24         FDCE (Hold_fdce_C_D)         0.092     1.556    U_WATCH_DATAPATH/hour_counter/counter_reg_reg[4]
  -------------------------------------------------------------------
                         required time                         -1.556    
                         arrival time                           1.794    
  -------------------------------------------------------------------
                         slack                                  0.238    

Slack (MET) :             0.239ns  (arrival time - required time)
  Source:                 U_BD_DOWN_D/counter_reg_reg[4]/C
                            (rising edge-triggered cell FDCE clocked by sys_clk_pin  {rise@0.000ns fall@5.000ns period=10.000ns})
  Destination:            U_BD_DOWN_D/counter_reg_reg[5]/D
                            (rising edge-triggered cell FDCE clocked by sys_clk_pin  {rise@0.000ns fall@5.000ns period=10.000ns})
  Path Group:             sys_clk_pin
  Path Type:              Hold (Min at Fast Process Corner)
  Requirement:            0.000ns  (sys_clk_pin rise@0.000ns - sys_clk_pin rise@0.000ns)
  Data Path Delay:        0.373ns  (logic 0.186ns (49.899%)  route 0.187ns (50.101%))
  Logic Levels:           1  (LUT6=1)
  Clock Path Skew:        0.013ns (DCD - SCD - CPR)
    Destination Clock Delay (DCD):    1.959ns
    Source Clock Delay      (SCD):    1.445ns
    Clock Pessimism Removal (CPR):    0.501ns

    Location             Delay type                Incr(ns)  Path(ns)    Netlist Resource(s)
  -------------------------------------------------------------------    -------------------
                         (clock sys_clk_pin rise edge)
                                                      0.000     0.000 r  
    W5                                                0.000     0.000 r  clk (IN)
                         net (fo=0)                   0.000     0.000    clk
    W5                   IBUF (Prop_ibuf_I_O)         0.226     0.226 r  clk_IBUF_inst/O
                         net (fo=1, routed)           0.631     0.858    clk_IBUF
    BUFGCTRL_X0Y0        BUFG (Prop_bufg_I_O)         0.026     0.884 r  clk_IBUF_BUFG_inst/O
                         net (fo=160, routed)         0.562     1.445    U_BD_DOWN_D/CLK
    SLICE_X55Y13         FDCE                                         r  U_BD_DOWN_D/counter_reg_reg[4]/C
  -------------------------------------------------------------------    -------------------
    SLICE_X55Y13         FDCE (Prop_fdce_C_Q)         0.141     1.586 r  U_BD_DOWN_D/counter_reg_reg[4]/Q
                         net (fo=9, routed)           0.187     1.773    U_BD_DOWN_D/counter_reg_reg_n_0_[4]
    SLICE_X54Y13         LUT6 (Prop_lut6_I4_O)        0.045     1.818 r  U_BD_DOWN_D/counter_reg[5]_i_1__8/O
                         net (fo=1, routed)           0.000     1.818    U_BD_DOWN_D/counter_reg[5]
    SLICE_X54Y13         FDCE                                         r  U_BD_DOWN_D/counter_reg_reg[5]/D
  -------------------------------------------------------------------    -------------------

                         (clock sys_clk_pin rise edge)
                                                      0.000     0.000 r  
    W5                                                0.000     0.000 r  clk (IN)
                         net (fo=0)                   0.000     0.000    clk
    W5                   IBUF (Prop_ibuf_I_O)         0.414     0.414 r  clk_IBUF_inst/O
                         net (fo=1, routed)           0.685     1.099    clk_IBUF
    BUFGCTRL_X0Y0        BUFG (Prop_bufg_I_O)         0.029     1.128 r  clk_IBUF_BUFG_inst/O
                         net (fo=160, routed)         0.832     1.959    U_BD_DOWN_D/CLK
    SLICE_X54Y13         FDCE                                         r  U_BD_DOWN_D/counter_reg_reg[5]/C
                         clock pessimism             -0.501     1.458    
    SLICE_X54Y13         FDCE (Hold_fdce_C_D)         0.121     1.579    U_BD_DOWN_D/counter_reg_reg[5]
  -------------------------------------------------------------------
                         required time                         -1.579    
                         arrival time                           1.818    
  -------------------------------------------------------------------
                         slack                                  0.239    

Slack (MET) :             0.239ns  (arrival time - required time)
  Source:                 U_STOPWATCH_DATAPATH/hour_counter/counter_reg_reg[4]/C
                            (rising edge-triggered cell FDCE clocked by sys_clk_pin  {rise@0.000ns fall@5.000ns period=10.000ns})
  Destination:            U_STOPWATCH_DATAPATH/hour_counter/counter_reg_reg[3]/D
                            (rising edge-triggered cell FDCE clocked by sys_clk_pin  {rise@0.000ns fall@5.000ns period=10.000ns})
  Path Group:             sys_clk_pin
  Path Type:              Hold (Min at Fast Process Corner)
  Requirement:            0.000ns  (sys_clk_pin rise@0.000ns - sys_clk_pin rise@0.000ns)
  Data Path Delay:        0.330ns  (logic 0.186ns (56.394%)  route 0.144ns (43.606%))
  Logic Levels:           1  (LUT6=1)
  Clock Path Skew:        0.000ns (DCD - SCD - CPR)
    Destination Clock Delay (DCD):    1.978ns
    Source Clock Delay      (SCD):    1.466ns
    Clock Pessimism Removal (CPR):    0.512ns

    Location             Delay type                Incr(ns)  Path(ns)    Netlist Resource(s)
  -------------------------------------------------------------------    -------------------
                         (clock sys_clk_pin rise edge)
                                                      0.000     0.000 r  
    W5                                                0.000     0.000 r  clk (IN)
                         net (fo=0)                   0.000     0.000    clk
    W5                   IBUF (Prop_ibuf_I_O)         0.226     0.226 r  clk_IBUF_inst/O
                         net (fo=1, routed)           0.631     0.858    clk_IBUF
    BUFGCTRL_X0Y0        BUFG (Prop_bufg_I_O)         0.026     0.884 r  clk_IBUF_BUFG_inst/O
                         net (fo=160, routed)         0.583     1.466    U_STOPWATCH_DATAPATH/hour_counter/CLK
    SLICE_X62Y23         FDCE                                         r  U_STOPWATCH_DATAPATH/hour_counter/counter_reg_reg[4]/C
  -------------------------------------------------------------------    -------------------
    SLICE_X62Y23         FDCE (Prop_fdce_C_Q)         0.141     1.607 r  U_STOPWATCH_DATAPATH/hour_counter/counter_reg_reg[4]/Q
                         net (fo=4, routed)           0.144     1.751    U_STOPWATCH_DATAPATH/hour_counter/Q[4]
    SLICE_X62Y23         LUT6 (Prop_lut6_I3_O)        0.045     1.796 r  U_STOPWATCH_DATAPATH/hour_counter/counter_reg[3]_i_1__10/O
                         net (fo=1, routed)           0.000     1.796    U_STOPWATCH_DATAPATH/hour_counter/counter_reg[3]_i_1__10_n_0
    SLICE_X62Y23         FDCE                                         r  U_STOPWATCH_DATAPATH/hour_counter/counter_reg_reg[3]/D
  -------------------------------------------------------------------    -------------------

                         (clock sys_clk_pin rise edge)
                                                      0.000     0.000 r  
    W5                                                0.000     0.000 r  clk (IN)
                         net (fo=0)                   0.000     0.000    clk
    W5                   IBUF (Prop_ibuf_I_O)         0.414     0.414 r  clk_IBUF_inst/O
                         net (fo=1, routed)           0.685     1.099    clk_IBUF
    BUFGCTRL_X0Y0        BUFG (Prop_bufg_I_O)         0.029     1.128 r  clk_IBUF_BUFG_inst/O
                         net (fo=160, routed)         0.851     1.978    U_STOPWATCH_DATAPATH/hour_counter/CLK
    SLICE_X62Y23         FDCE                                         r  U_STOPWATCH_DATAPATH/hour_counter/counter_reg_reg[3]/C
                         clock pessimism             -0.512     1.466    
    SLICE_X62Y23         FDCE (Hold_fdce_C_D)         0.091     1.557    U_STOPWATCH_DATAPATH/hour_counter/counter_reg_reg[3]
  -------------------------------------------------------------------
                         required time                         -1.557    
                         arrival time                           1.796    
  -------------------------------------------------------------------
                         slack                                  0.239    





Pulse Width Checks
--------------------------------------------------------------------------------------
Clock Name:         sys_clk_pin
Waveform(ns):       { 0.000 5.000 }
Period(ns):         10.000
Sources:            { clk }

Check Type        Corner  Lib Pin  Reference Pin  Required(ns)  Actual(ns)  Slack(ns)  Location       Pin
Min Period        n/a     BUFG/I   n/a            2.155         10.000      7.845      BUFGCTRL_X0Y0  clk_IBUF_BUFG_inst/I
Min Period        n/a     FDCE/C   n/a            1.000         10.000      9.000      SLICE_X54Y24   U_BD_CLEAR/CLK_100khz_reg_reg/C
Min Period        n/a     FDCE/C   n/a            1.000         10.000      9.000      SLICE_X55Y14   U_BD_DOWN_D/CLK_100khz_reg_reg/C
Min Period        n/a     FDCE/C   n/a            1.000         10.000      9.000      SLICE_X54Y19   U_BD_DOWN_U/CLK_100khz_reg_reg/C
Min Period        n/a     FDCE/C   n/a            1.000         10.000      9.000      SLICE_X56Y27   U_BD_RUNSTOP/CLK_100khz_reg_reg/C
Min Period        n/a     FDPE/C   n/a            1.000         10.000      9.000      SLICE_X58Y20   U_CONTROL_UNIT/FSM_onehot_current_st_reg[0]/C
Min Period        n/a     FDCE/C   n/a            1.000         10.000      9.000      SLICE_X58Y20   U_CONTROL_UNIT/FSM_onehot_current_st_reg[1]/C
Min Period        n/a     FDCE/C   n/a            1.000         10.000      9.000      SLICE_X58Y20   U_CONTROL_UNIT/FSM_onehot_current_st_reg[2]/C
Min Period        n/a     FDCE/C   n/a            1.000         10.000      9.000      SLICE_X64Y22   U_FND_CNTL/U_CLK_DIV/counter_r_reg[2]/C
Min Period        n/a     FDCE/C   n/a            1.000         10.000      9.000      SLICE_X64Y22   U_FND_CNTL/U_CLK_DIV/counter_r_reg[3]/C
Low Pulse Width   Slow    FDCE/C   n/a            0.500         5.000       4.500      SLICE_X55Y14   U_BD_DOWN_D/CLK_100khz_reg_reg/C
Low Pulse Width   Slow    FDPE/C   n/a            0.500         5.000       4.500      SLICE_X58Y20   U_CONTROL_UNIT/FSM_onehot_current_st_reg[0]/C
Low Pulse Width   Slow    FDCE/C   n/a            0.500         5.000       4.500      SLICE_X58Y20   U_CONTROL_UNIT/FSM_onehot_current_st_reg[1]/C
Low Pulse Width   Slow    FDCE/C   n/a            0.500         5.000       4.500      SLICE_X58Y20   U_CONTROL_UNIT/FSM_onehot_current_st_reg[2]/C
Low Pulse Width   Slow    FDCE/C   n/a            0.500         5.000       4.500      SLICE_X58Y19   U_WATCH_DATAPATH/msec_counter/counter_reg_reg[0]/C
Low Pulse Width   Slow    FDCE/C   n/a            0.500         5.000       4.500      SLICE_X59Y19   U_WATCH_DATAPATH/msec_counter/counter_reg_reg[1]/C
Low Pulse Width   Slow    FDCE/C   n/a            0.500         5.000       4.500      SLICE_X59Y20   U_WATCH_DATAPATH/msec_counter/counter_reg_reg[5]/C
Low Pulse Width   Slow    FDCE/C   n/a            0.500         5.000       4.500      SLICE_X59Y20   U_WATCH_DATAPATH/msec_counter/counter_reg_reg[6]/C
Low Pulse Width   Slow    FDCE/C   n/a            0.500         5.000       4.500      SLICE_X55Y13   U_BD_DOWN_D/counter_reg_reg[0]/C
Low Pulse Width   Slow    FDCE/C   n/a            0.500         5.000       4.500      SLICE_X55Y13   U_BD_DOWN_D/counter_reg_reg[1]/C
High Pulse Width  Slow    FDCE/C   n/a            0.500         5.000       4.500      SLICE_X54Y19   U_BD_DOWN_U/CLK_100khz_reg_reg/C
High Pulse Width  Fast    FDCE/C   n/a            0.500         5.000       4.500      SLICE_X56Y27   U_BD_RUNSTOP/CLK_100khz_reg_reg/C
High Pulse Width  Slow    FDCE/C   n/a            0.500         5.000       4.500      SLICE_X64Y22   U_FND_CNTL/U_CLK_DIV/counter_r_reg[2]/C
High Pulse Width  Slow    FDCE/C   n/a            0.500         5.000       4.500      SLICE_X64Y22   U_FND_CNTL/U_CLK_DIV/counter_r_reg[3]/C
High Pulse Width  Slow    FDCE/C   n/a            0.500         5.000       4.500      SLICE_X64Y22   U_FND_CNTL/U_CLK_DIV/counter_r_reg[4]/C
High Pulse Width  Slow    FDCE/C   n/a            0.500         5.000       4.500      SLICE_X64Y22   U_FND_CNTL/U_CLK_DIV/counter_r_reg[5]/C
High Pulse Width  Slow    FDCE/C   n/a            0.500         5.000       4.500      SLICE_X64Y23   U_FND_CNTL/U_CLK_DIV/counter_r_reg[6]/C
High Pulse Width  Slow    FDCE/C   n/a            0.500         5.000       4.500      SLICE_X64Y23   U_FND_CNTL/U_CLK_DIV/counter_r_reg[7]/C
High Pulse Width  Slow    FDCE/C   n/a            0.500         5.000       4.500      SLICE_X64Y23   U_FND_CNTL/U_CLK_DIV/counter_r_reg[8]/C
High Pulse Width  Slow    FDCE/C   n/a            0.500         5.000       4.500      SLICE_X64Y23   U_FND_CNTL/U_CLK_DIV/counter_r_reg[9]/C



